-- phpMyAdmin SQL Dump
-- version 5.2.1
-- https://www.phpmyadmin.net/
--
-- Host: 127.0.0.1
-- Generation Time: Jan 26, 2024 at 04:48 PM
-- Server version: 10.4.28-MariaDB
-- PHP Version: 8.0.28

SET SQL_MODE = "NO_AUTO_VALUE_ON_ZERO";
START TRANSACTION;
SET time_zone = "+00:00";


/*!40101 SET @OLD_CHARACTER_SET_CLIENT=@@CHARACTER_SET_CLIENT */;
/*!40101 SET @OLD_CHARACTER_SET_RESULTS=@@CHARACTER_SET_RESULTS */;
/*!40101 SET @OLD_COLLATION_CONNECTION=@@COLLATION_CONNECTION */;
/*!40101 SET NAMES utf8mb4 */;

--
-- Database: `visualight2data`
--

-- --------------------------------------------------------

--
-- Table structure for table `customer`
--

CREATE TABLE `customer` (
  `id` int(11) NOT NULL,
  `customer_type` int(11) NOT NULL,
  `address` varchar(50) NOT NULL
) ENGINE=InnoDB DEFAULT CHARSET=utf8mb4 COLLATE=utf8mb4_general_ci;

--
-- Dumping data for table `customer`
--

INSERT INTO `customer` (`id`, `customer_type`, `address`) VALUES
(1, 4, 'Marinduque'),
(2, 5, 'Tarlac'),
(3, 7, 'Nueva Vizcaya'),
(4, 6, 'Davao de Oro'),
(5, 7, 'Bataan'),
(6, 5, 'Sarangani'),
(7, 1, 'Metro Manila'),
(8, 6, 'Catanduanes'),
(9, 4, 'Surigao del Norte'),
(10, 2, 'Leyte'),
(11, 4, 'Lanao del Sur'),
(12, 5, 'Albay'),
(13, 1, 'Cebu'),
(14, 3, 'Agusan del Norte'),
(15, 3, 'Camarines Norte'),
(16, 1, 'Isabela'),
(17, 1, 'Benguet'),
(18, 3, 'Davao de Oro'),
(19, 4, 'Masbate'),
(20, 4, 'Agusan del Norte'),
(21, 6, 'Southern Leyte'),
(22, 4, 'Antique'),
(23, 7, 'Occidental Mindoro'),
(24, 1, 'Palawan'),
(25, 4, 'Davao Oriental'),
(26, 3, 'Benguet'),
(27, 2, 'Palawan'),
(28, 2, 'Abra'),
(29, 4, 'Metro Manila'),
(30, 7, 'Rizal'),
(31, 1, 'Capiz'),
(32, 6, 'Bukidnon'),
(33, 2, 'Surigao del Sur'),
(34, 1, 'Benguet'),
(35, 3, 'Quezon'),
(36, 6, 'Maguindanao del Sur'),
(37, 1, 'Pampanga'),
(38, 7, 'Rizal'),
(39, 3, 'Ilocos Norte'),
(40, 1, 'Davao del Sur'),
(41, 3, 'Samar'),
(42, 3, 'Bataan'),
(43, 5, 'Misamis Oriental'),
(44, 7, 'Laguna'),
(45, 1, 'Davao Occidental'),
(46, 5, 'Basilan'),
(47, 2, 'Tawi-Tawi'),
(48, 5, 'Palawan'),
(49, 6, 'Ilocos Sur'),
(50, 2, 'Misamis Occidental'),
(51, 5, 'Davao Oriental'),
(52, 6, 'Negros Oriental'),
(53, 5, 'Oriental Mindoro'),
(54, 5, 'Cebu'),
(55, 6, 'Sarangani'),
(56, 5, 'Quezon'),
(57, 1, 'Capiz'),
(58, 3, 'Lanao del Norte'),
(59, 5, 'Masbate'),
(60, 2, 'Misamis Occidental'),
(61, 2, 'Zambales'),
(62, 2, 'Aurora'),
(63, 6, 'Eastern Samar'),
(64, 6, 'Basilan'),
(65, 7, 'Negros Oriental'),
(66, 7, 'Maguindanao del Norte'),
(67, 3, 'Davao Occidental'),
(68, 5, 'Benguet'),
(69, 1, 'Sarangani'),
(70, 3, 'Zamboanga del Norte'),
(71, 7, 'Zamboanga Sibugay'),
(72, 5, 'Siquijor'),
(73, 4, 'Laguna'),
(74, 3, 'Metro Manila'),
(75, 2, 'Zamboanga del Norte'),
(76, 6, 'Benguet'),
(77, 5, 'Agusan del Sur'),
(78, 5, 'Occidental Mindoro'),
(79, 2, 'Ilocos Norte'),
(80, 7, 'Surigao del Sur'),
(81, 3, 'Isabela'),
(82, 2, 'Palawan'),
(83, 6, 'Maguindanao del Norte'),
(84, 2, 'Negros Oriental'),
(85, 4, 'Pampanga'),
(86, 3, 'Bukidnon'),
(87, 7, 'Zamboanga Sibugay'),
(88, 3, 'Agusan del Sur'),
(89, 3, 'Catanduanes'),
(90, 4, 'Abra'),
(91, 4, 'Metro Manila'),
(92, 2, 'Northern Samar'),
(93, 2, 'Pangasinan'),
(94, 2, 'Masbate'),
(95, 7, 'Zamboanga del Norte'),
(96, 1, 'Tawi-Tawi'),
(97, 3, 'Romblon'),
(98, 6, 'Pampanga'),
(99, 5, 'Guimaras'),
(100, 5, 'Misamis Occidental'),
(101, 5, 'Laguna'),
(102, 3, 'Zamboanga del Sur'),
(103, 4, 'Ifugao'),
(104, 3, 'Camarines Norte'),
(105, 5, 'Davao Oriental'),
(106, 2, 'Tawi-Tawi'),
(107, 1, 'Apayao'),
(108, 4, 'Zamboanga Sibugay'),
(109, 4, 'Ilocos Sur'),
(110, 7, 'Cavite'),
(111, 7, 'Surigao del Norte'),
(112, 3, 'Isabela'),
(113, 4, 'Mountain Province'),
(114, 3, 'Aklan'),
(115, 5, 'Negros Oriental'),
(116, 1, 'Zamboanga del Norte'),
(117, 3, 'Zambales'),
(118, 6, 'Aurora'),
(119, 6, 'Rizal'),
(120, 5, 'Northern Samar'),
(121, 5, 'Biliran'),
(122, 5, 'Zamboanga del Norte'),
(123, 2, 'La Union'),
(124, 6, 'Zamboanga del Norte'),
(125, 5, 'Zamboanga del Norte'),
(126, 1, 'Camarines Norte'),
(127, 1, 'Davao del Norte'),
(128, 2, 'Sarangani'),
(129, 1, 'Batangas'),
(130, 5, 'Davao Occidental'),
(131, 6, 'Bukidnon'),
(132, 1, 'Sultan Kudarat'),
(133, 6, 'Dinagat Islands'),
(134, 2, 'Surigao del Norte'),
(135, 2, 'Maguindanao del Norte'),
(136, 4, 'Surigao del Norte'),
(137, 7, 'Zamboanga del Norte'),
(138, 3, 'Oriental Mindoro'),
(139, 7, 'Samar'),
(140, 2, 'Tarlac'),
(141, 6, 'Isabela'),
(142, 6, 'Southern Leyte'),
(143, 6, 'Maguindanao del Sur'),
(144, 5, 'Capiz'),
(145, 7, 'Zamboanga del Sur'),
(146, 7, 'Camiguin'),
(147, 4, 'Biliran'),
(148, 1, 'Davao del Norte'),
(149, 5, 'Sulu'),
(150, 2, 'Cebu'),
(151, 1, 'Biliran'),
(152, 4, 'Pangasinan'),
(153, 2, 'Ilocos Norte'),
(154, 4, 'Davao del Norte'),
(155, 6, 'Bukidnon'),
(156, 6, 'Antique'),
(157, 5, 'Cotabato'),
(158, 7, 'Bulacan'),
(159, 3, 'Catanduanes'),
(160, 1, 'Rizal'),
(161, 1, 'Dinagat Islands'),
(162, 3, 'Agusan del Sur'),
(163, 4, 'Masbate'),
(164, 2, 'Zamboanga del Norte'),
(165, 4, 'Nueva Ecija'),
(166, 1, 'Negros Occidental'),
(167, 5, 'Marinduque'),
(168, 1, 'Batanes'),
(169, 5, 'Davao Oriental'),
(170, 1, 'Lanao del Sur'),
(171, 3, 'Bohol'),
(172, 3, 'Tawi-Tawi'),
(173, 6, 'Sarangani'),
(174, 6, 'Albay'),
(175, 6, 'Northern Samar'),
(176, 3, 'Davao del Sur'),
(177, 3, 'Cagayan'),
(178, 5, 'Cotabato'),
(179, 3, 'Surigao del Norte'),
(180, 4, 'Maguindanao del Norte'),
(181, 7, 'Bukidnon'),
(182, 5, 'Sulu'),
(183, 6, 'Iloilo'),
(184, 5, 'Quezon'),
(185, 6, 'Camarines Sur'),
(186, 2, 'Camarines Sur'),
(187, 5, 'Negros Oriental'),
(188, 6, 'Misamis Oriental'),
(189, 7, 'Sarangani'),
(190, 4, 'Sultan Kudarat'),
(191, 3, 'Capiz'),
(192, 5, 'Capiz'),
(193, 2, 'Benguet'),
(194, 6, 'La Union'),
(195, 5, 'Sultan Kudarat'),
(196, 5, 'Misamis Oriental'),
(197, 3, 'Cavite'),
(198, 5, 'Maguindanao del Norte'),
(199, 4, 'Cebu'),
(200, 4, 'Ilocos Norte'),
(201, 6, 'Masbate'),
(202, 6, 'Rizal'),
(203, 4, 'Bohol'),
(204, 7, 'Bulacan'),
(205, 4, 'Metro Manila'),
(206, 5, 'Davao del Sur'),
(207, 3, 'Misamis Occidental'),
(208, 1, 'Samar'),
(209, 1, 'Abra'),
(210, 4, 'Apayao'),
(211, 2, 'Zamboanga del Norte'),
(212, 4, 'Bukidnon'),
(213, 2, 'Cagayan'),
(214, 1, 'Davao del Sur'),
(215, 1, 'Tawi-Tawi'),
(216, 1, 'Eastern Samar'),
(217, 1, 'Lanao del Norte'),
(218, 3, 'Davao Oriental'),
(219, 3, 'Lanao del Sur'),
(220, 7, 'Dinagat Islands'),
(221, 5, 'Kalinga'),
(222, 4, 'Maguindanao del Sur'),
(223, 2, 'Mountain Province'),
(224, 5, 'Zamboanga del Norte'),
(225, 4, 'Lanao del Norte'),
(226, 4, 'Dinagat Islands'),
(227, 2, 'Catanduanes'),
(228, 5, 'Pampanga'),
(229, 2, 'Batanes'),
(230, 4, 'Samar'),
(231, 4, 'Surigao del Sur'),
(232, 4, 'Bohol'),
(233, 5, 'Southern Leyte'),
(234, 5, 'Davao Oriental'),
(235, 4, 'Bukidnon'),
(236, 4, 'Sultan Kudarat'),
(237, 2, 'Cagayan'),
(238, 6, 'Ilocos Norte'),
(239, 6, 'Misamis Oriental'),
(240, 5, 'Laguna'),
(241, 6, 'Bataan'),
(242, 1, 'Sarangani'),
(243, 6, 'Camarines Norte'),
(244, 7, 'Maguindanao del Norte'),
(245, 4, 'Agusan del Sur'),
(246, 5, 'Cotabato'),
(247, 6, 'Surigao del Sur'),
(248, 7, 'Misamis Occidental'),
(249, 1, 'Maguindanao del Sur'),
(250, 6, 'Batangas'),
(251, 6, 'Bohol'),
(252, 4, 'Sulu'),
(253, 3, 'Maguindanao del Sur'),
(254, 3, 'Negros Occidental'),
(255, 3, 'Bohol'),
(256, 6, 'Zamboanga Sibugay'),
(257, 7, 'Lanao del Norte'),
(258, 2, 'Iloilo'),
(259, 2, 'Zamboanga Sibugay'),
(260, 3, 'Aurora'),
(261, 3, 'Catanduanes'),
(262, 3, 'Oriental Mindoro'),
(263, 7, 'La Union'),
(264, 5, 'Negros Oriental'),
(265, 3, 'Ilocos Norte'),
(266, 1, 'Cavite'),
(267, 7, 'Palawan'),
(268, 4, 'Bukidnon'),
(269, 4, 'Kalinga'),
(270, 4, 'Albay'),
(271, 4, 'Benguet'),
(272, 2, 'Maguindanao del Sur'),
(273, 5, 'Davao Occidental'),
(274, 6, 'Cavite'),
(275, 4, 'Sulu'),
(276, 4, 'Bulacan'),
(277, 7, 'La Union'),
(278, 3, 'Benguet'),
(279, 7, 'Quirino'),
(280, 3, 'Masbate'),
(281, 3, 'Mountain Province'),
(282, 3, 'Ifugao'),
(283, 7, 'Davao del Norte'),
(284, 3, 'Davao del Norte'),
(285, 6, 'Albay'),
(286, 2, 'Maguindanao del Norte'),
(287, 6, 'Camarines Sur'),
(288, 7, 'Isabela'),
(289, 3, 'Ilocos Norte'),
(290, 6, 'Surigao del Sur'),
(291, 3, 'Nueva Vizcaya'),
(292, 2, 'Batanes'),
(293, 7, 'Sarangani'),
(294, 1, 'Cotabato'),
(295, 5, 'Camarines Sur'),
(296, 7, 'Ilocos Sur'),
(297, 4, 'Zambales'),
(298, 4, 'Tawi-Tawi'),
(299, 4, 'Capiz'),
(300, 1, 'Biliran'),
(301, 6, 'Eastern Samar'),
(302, 6, 'Agusan del Norte'),
(303, 2, 'Nueva Vizcaya'),
(304, 2, 'Eastern Samar'),
(305, 1, 'Maguindanao del Norte'),
(306, 4, 'Davao Oriental'),
(307, 5, 'Dinagat Islands'),
(308, 4, 'Aklan'),
(309, 4, 'Negros Oriental'),
(310, 7, 'Occidental Mindoro'),
(311, 1, 'Maguindanao del Sur'),
(312, 6, 'Davao de Oro'),
(313, 6, 'Quirino'),
(314, 3, 'Quezon'),
(315, 3, 'Kalinga'),
(316, 7, 'Masbate'),
(317, 5, 'Kalinga'),
(318, 4, 'Masbate'),
(319, 5, 'Pampanga'),
(320, 4, 'Tarlac'),
(321, 4, 'Mountain Province'),
(322, 2, 'Zambales'),
(323, 2, 'La Union'),
(324, 5, 'Agusan del Sur'),
(325, 3, 'Marinduque'),
(326, 1, 'Davao Occidental'),
(327, 2, 'Leyte'),
(328, 7, 'Albay'),
(329, 6, 'Maguindanao del Norte'),
(330, 4, 'Tarlac'),
(331, 7, 'Cebu'),
(332, 2, 'Camiguin'),
(333, 1, 'Abra'),
(334, 7, 'Nueva Vizcaya'),
(335, 2, 'Pangasinan'),
(336, 4, 'Romblon'),
(337, 6, 'Sorsogon'),
(338, 4, 'Sarangani'),
(339, 2, 'Maguindanao del Sur'),
(340, 5, 'Maguindanao del Norte'),
(341, 3, 'Misamis Occidental'),
(342, 7, 'Bulacan'),
(343, 4, 'Camiguin'),
(344, 5, 'Guimaras'),
(345, 5, 'Sorsogon'),
(346, 5, 'Batanes'),
(347, 2, 'Batangas'),
(348, 1, 'Ifugao'),
(349, 7, 'Lanao del Sur'),
(350, 2, 'Maguindanao del Norte'),
(351, 2, 'Eastern Samar'),
(352, 2, 'Iloilo'),
(353, 6, 'Sulu'),
(354, 1, 'Masbate'),
(355, 2, 'Southern Leyte'),
(356, 4, 'Metro Manila'),
(357, 3, 'Bohol'),
(358, 6, 'Leyte'),
(359, 7, 'Lanao del Norte'),
(360, 5, 'Nueva Vizcaya'),
(361, 3, 'Davao del Sur'),
(362, 4, 'Eastern Samar'),
(363, 6, 'Biliran'),
(364, 2, 'Samar'),
(365, 5, 'Apayao'),
(366, 3, 'Misamis Oriental'),
(367, 2, 'Rizal'),
(368, 6, 'Siquijor'),
(369, 3, 'Batangas'),
(370, 5, 'Pampanga'),
(371, 1, 'Zamboanga del Sur'),
(372, 2, 'Samar'),
(373, 5, 'Samar'),
(374, 7, 'Guimaras'),
(375, 6, 'Dinagat Islands'),
(376, 3, 'Nueva Vizcaya'),
(377, 1, 'Maguindanao del Norte'),
(378, 3, 'Misamis Occidental'),
(379, 4, 'Negros Occidental'),
(380, 3, 'Metro Manila'),
(381, 5, 'Camiguin'),
(382, 1, 'Masbate'),
(383, 3, 'Bulacan'),
(384, 3, 'Davao Occidental'),
(385, 7, 'Ifugao'),
(386, 6, 'Camarines Norte'),
(387, 6, 'Aurora'),
(388, 4, 'Batanes'),
(389, 3, 'Albay'),
(390, 3, 'Quezon'),
(391, 4, 'Antique'),
(392, 4, 'Oriental Mindoro'),
(393, 7, 'Tarlac'),
(394, 1, 'Dinagat Islands'),
(395, 6, 'Dinagat Islands'),
(396, 4, 'Aklan'),
(397, 2, 'Abra'),
(398, 4, 'Cotabato'),
(399, 1, 'Quezon'),
(400, 6, 'Biliran'),
(401, 4, 'Camarines Sur'),
(402, 3, 'Zambales'),
(403, 2, 'Laguna'),
(404, 7, 'Isabela'),
(405, 2, 'Camarines Norte'),
(406, 7, 'Quirino'),
(407, 3, 'Marinduque'),
(408, 6, 'Iloilo'),
(409, 5, 'Maguindanao del Norte'),
(410, 7, 'Lanao del Sur'),
(411, 6, 'Batanes'),
(412, 1, 'Batangas'),
(413, 7, 'Basilan'),
(414, 3, 'Marinduque'),
(415, 1, 'Rizal'),
(416, 4, 'Abra'),
(417, 1, 'Dinagat Islands'),
(418, 6, 'Negros Oriental'),
(419, 7, 'Pampanga'),
(420, 4, 'Ifugao'),
(421, 3, 'Tawi-Tawi'),
(422, 5, 'Davao del Sur'),
(423, 5, 'Bataan'),
(424, 6, 'Metro Manila'),
(425, 5, 'Agusan del Norte'),
(426, 7, 'Camiguin'),
(427, 7, 'Misamis Oriental'),
(428, 5, 'Kalinga'),
(429, 2, 'South Cotabato'),
(430, 4, 'Misamis Occidental'),
(431, 6, 'Agusan del Sur'),
(432, 3, 'Misamis Oriental'),
(433, 3, 'Camarines Norte'),
(434, 1, 'Zamboanga del Norte'),
(435, 1, 'Basilan'),
(436, 3, 'Metro Manila'),
(437, 2, 'Davao Oriental'),
(438, 3, 'Leyte'),
(439, 2, 'Sarangani'),
(440, 5, 'Apayao'),
(441, 4, 'Camiguin'),
(442, 6, 'Bukidnon'),
(443, 4, 'Surigao del Sur'),
(444, 2, 'Metro Manila'),
(445, 5, 'Benguet'),
(446, 5, 'Tarlac'),
(447, 1, 'Zamboanga del Norte'),
(448, 2, 'Davao del Sur'),
(449, 1, 'Maguindanao del Norte'),
(450, 4, 'Lanao del Sur'),
(451, 3, 'Palawan'),
(452, 1, 'Basilan'),
(453, 5, 'Samar'),
(454, 5, 'Eastern Samar'),
(455, 5, 'Pangasinan'),
(456, 3, 'Leyte'),
(457, 6, 'Tarlac'),
(458, 5, 'Misamis Oriental'),
(459, 6, 'Lanao del Sur'),
(460, 3, 'Metro Manila'),
(461, 3, 'Camiguin'),
(462, 4, 'Camiguin'),
(463, 2, 'Cavite'),
(464, 7, 'Abra'),
(465, 1, 'Negros Occidental'),
(466, 4, 'Davao Occidental'),
(467, 3, 'Nueva Ecija'),
(468, 4, 'Pangasinan'),
(469, 1, 'Surigao del Sur'),
(470, 1, 'Catanduanes'),
(471, 2, 'Zamboanga del Sur'),
(472, 4, 'Quirino'),
(473, 3, 'Negros Oriental'),
(474, 6, 'Davao del Sur'),
(475, 1, 'Samar'),
(476, 1, 'Iloilo'),
(477, 3, 'Mountain Province'),
(478, 3, 'Zamboanga del Sur'),
(479, 5, 'Aurora'),
(480, 7, 'Surigao del Norte'),
(481, 7, 'Quirino'),
(482, 6, 'Ilocos Sur'),
(483, 3, 'Cebu'),
(484, 2, 'Samar'),
(485, 3, 'Occidental Mindoro'),
(486, 5, 'Iloilo'),
(487, 5, 'Batangas'),
(488, 1, 'Metro Manila'),
(489, 3, 'Northern Samar'),
(490, 6, 'Masbate'),
(491, 5, 'Dinagat Islands'),
(492, 6, 'Camiguin'),
(493, 2, 'Nueva Ecija'),
(494, 6, 'Maguindanao del Sur'),
(495, 3, 'Agusan del Norte'),
(496, 3, 'Oriental Mindoro'),
(497, 6, 'Isabela'),
(498, 5, 'Benguet'),
(499, 7, 'Metro Manila'),
(500, 7, 'Zamboanga Sibugay'),
(501, 7, 'Albay'),
(502, 6, 'Zamboanga del Norte'),
(503, 2, 'Ilocos Norte'),
(504, 4, 'Agusan del Norte'),
(505, 7, 'Oriental Mindoro'),
(506, 2, 'Mountain Province'),
(507, 4, 'Romblon'),
(508, 4, 'Davao del Sur'),
(509, 2, 'Ilocos Sur'),
(510, 2, 'Cebu'),
(511, 6, 'Sarangani'),
(512, 2, 'Camarines Sur'),
(513, 5, 'Sarangani'),
(514, 5, 'Bukidnon'),
(515, 3, 'Aklan'),
(516, 6, 'Northern Samar'),
(517, 5, 'Zamboanga del Norte'),
(518, 1, 'La Union'),
(519, 1, 'Eastern Samar'),
(520, 4, 'Kalinga'),
(521, 3, 'South Cotabato'),
(522, 7, 'Camarines Sur'),
(523, 7, 'South Cotabato'),
(524, 6, 'Aklan'),
(525, 1, 'Tarlac'),
(526, 6, 'Antique'),
(527, 5, 'Batanes'),
(528, 7, 'Zamboanga Sibugay'),
(529, 7, 'Laguna'),
(530, 5, 'Quirino'),
(531, 2, 'Albay'),
(532, 5, 'Sarangani'),
(533, 2, 'Occidental Mindoro'),
(534, 4, 'Ilocos Sur'),
(535, 4, 'Agusan del Norte'),
(536, 7, 'Marinduque'),
(537, 3, 'Negros Oriental'),
(538, 2, 'Lanao del Norte'),
(539, 6, 'Leyte'),
(540, 1, 'Misamis Oriental'),
(541, 2, 'Antique'),
(542, 1, 'Negros Occidental'),
(543, 4, 'Surigao del Norte'),
(544, 3, 'Davao de Oro'),
(545, 3, 'Apayao'),
(546, 6, 'Occidental Mindoro'),
(547, 6, 'Kalinga'),
(548, 4, 'Davao del Sur'),
(549, 1, 'Surigao del Sur'),
(550, 5, 'Metro Manila'),
(551, 4, 'Laguna'),
(552, 2, 'Cavite'),
(553, 7, 'Camarines Sur'),
(554, 5, 'Quezon'),
(555, 6, 'Davao de Oro'),
(556, 7, 'Quirino'),
(557, 3, 'Bulacan'),
(558, 6, 'Mountain Province'),
(559, 5, 'Batanes'),
(560, 2, 'Maguindanao del Norte'),
(561, 1, 'Biliran'),
(562, 4, 'South Cotabato'),
(563, 3, 'Surigao del Norte'),
(564, 1, 'Metro Manila'),
(565, 5, 'Masbate'),
(566, 1, 'Mountain Province'),
(567, 4, 'Benguet'),
(568, 2, 'Davao Occidental'),
(569, 2, 'Samar'),
(570, 7, 'Cagayan'),
(571, 6, 'Pampanga'),
(572, 1, 'Albay'),
(573, 6, 'Ilocos Sur'),
(574, 6, 'Camarines Sur'),
(575, 7, 'Lanao del Sur'),
(576, 7, 'Surigao del Norte'),
(577, 1, 'Zambales'),
(578, 3, 'Zambales'),
(579, 5, 'Abra'),
(580, 7, 'Lanao del Norte'),
(581, 7, 'Metro Manila'),
(582, 5, 'Bataan'),
(583, 6, 'Kalinga'),
(584, 1, 'La Union'),
(585, 1, 'Cagayan'),
(586, 3, 'Quezon'),
(587, 1, 'Benguet'),
(588, 2, 'Guimaras'),
(589, 6, 'Camiguin'),
(590, 3, 'Cotabato'),
(591, 2, 'Camarines Norte'),
(592, 2, 'Metro Manila'),
(593, 3, 'Northern Samar'),
(594, 3, 'Bataan'),
(595, 5, 'Aklan'),
(596, 1, 'Samar'),
(597, 6, 'South Cotabato'),
(598, 2, 'Sorsogon'),
(599, 1, 'Negros Occidental'),
(600, 3, 'La Union'),
(601, 6, 'Laguna'),
(602, 5, 'Occidental Mindoro'),
(603, 7, 'Camarines Sur'),
(604, 6, 'Davao del Sur'),
(605, 7, 'South Cotabato'),
(606, 5, 'Ilocos Sur'),
(607, 4, 'Metro Manila'),
(608, 5, 'South Cotabato'),
(609, 4, 'Kalinga'),
(610, 4, 'Zamboanga del Norte'),
(611, 1, 'Nueva Vizcaya'),
(612, 6, 'Samar'),
(613, 1, 'Tarlac'),
(614, 5, 'Abra'),
(615, 3, 'Bohol'),
(616, 5, 'Abra'),
(617, 3, 'Camarines Norte'),
(618, 4, 'Quirino'),
(619, 3, 'Surigao del Sur'),
(620, 4, 'Romblon'),
(621, 2, 'Quezon'),
(622, 4, 'Eastern Samar'),
(623, 1, 'Agusan del Norte'),
(624, 5, 'Capiz'),
(625, 3, 'Cebu'),
(626, 6, 'Cebu'),
(627, 5, 'Tawi-Tawi'),
(628, 7, 'Northern Samar'),
(629, 7, 'Sulu'),
(630, 7, 'Ilocos Sur'),
(631, 5, 'Cagayan'),
(632, 5, 'Basilan'),
(633, 7, 'Basilan'),
(634, 7, 'Quezon'),
(635, 6, 'Cagayan'),
(636, 1, 'Oriental Mindoro'),
(637, 6, 'Sorsogon'),
(638, 7, 'Ifugao'),
(639, 2, 'Apayao'),
(640, 4, 'Camiguin'),
(641, 6, 'Oriental Mindoro'),
(642, 3, 'Rizal'),
(643, 4, 'Zambales'),
(644, 5, 'Bukidnon'),
(645, 5, 'Surigao del Sur'),
(646, 7, 'Rizal'),
(647, 7, 'Batanes'),
(648, 1, 'Southern Leyte'),
(649, 5, 'Metro Manila'),
(650, 7, 'Ilocos Sur'),
(651, 3, 'Occidental Mindoro'),
(652, 2, 'Dinagat Islands'),
(653, 1, 'Metro Manila'),
(654, 5, 'Bulacan'),
(655, 3, 'Masbate'),
(656, 3, 'Basilan'),
(657, 7, 'Antique'),
(658, 5, 'Ifugao'),
(659, 4, 'Bulacan'),
(660, 3, 'La Union'),
(661, 4, 'Misamis Oriental'),
(662, 5, 'Zamboanga del Norte'),
(663, 2, 'Palawan'),
(664, 3, 'South Cotabato'),
(665, 7, 'Davao de Oro'),
(666, 6, 'La Union'),
(667, 2, 'Camarines Norte'),
(668, 6, 'Cotabato'),
(669, 2, 'Batanes'),
(670, 7, 'Davao del Sur'),
(671, 5, 'Nueva Ecija'),
(672, 3, 'Lanao del Sur'),
(673, 1, 'Palawan'),
(674, 4, 'Marinduque'),
(675, 1, 'Tarlac'),
(676, 7, 'Surigao del Norte'),
(677, 1, 'Metro Manila'),
(678, 1, 'Negros Oriental'),
(679, 7, 'Davao del Sur'),
(680, 2, 'Davao del Norte'),
(681, 2, 'Cavite'),
(682, 6, 'South Cotabato'),
(683, 3, 'Eastern Samar'),
(684, 1, 'Surigao del Sur'),
(685, 1, 'Antique'),
(686, 5, 'Oriental Mindoro'),
(687, 6, 'Zamboanga del Sur'),
(688, 3, 'Misamis Oriental'),
(689, 7, 'Dinagat Islands'),
(690, 1, 'Quirino'),
(691, 2, 'Zamboanga Sibugay'),
(692, 7, 'Palawan'),
(693, 6, 'Bohol'),
(694, 4, 'Sarangani'),
(695, 6, 'Benguet'),
(696, 5, 'Cotabato'),
(697, 6, 'Cotabato'),
(698, 1, 'Cotabato'),
(699, 1, 'Davao del Norte'),
(700, 2, 'Camiguin'),
(701, 6, 'Negros Occidental'),
(702, 1, 'Cebu'),
(703, 7, 'Romblon'),
(704, 3, 'Sultan Kudarat'),
(705, 2, 'Maguindanao del Norte'),
(706, 6, 'Negros Oriental'),
(707, 3, 'Guimaras'),
(708, 2, 'Maguindanao del Sur'),
(709, 1, 'Kalinga'),
(710, 6, 'Maguindanao del Norte'),
(711, 5, 'Ifugao'),
(712, 7, 'Zamboanga del Norte'),
(713, 7, 'Batangas'),
(714, 5, 'Abra'),
(715, 5, 'Quirino'),
(716, 2, 'Tarlac'),
(717, 1, 'Biliran'),
(718, 5, 'Mountain Province'),
(719, 6, 'Camarines Sur'),
(720, 3, 'Bukidnon'),
(721, 4, 'Occidental Mindoro'),
(722, 2, 'Camiguin'),
(723, 3, 'Lanao del Norte'),
(724, 4, 'Surigao del Sur'),
(725, 5, 'Camarines Norte'),
(726, 2, 'Agusan del Sur'),
(727, 4, 'Negros Oriental'),
(728, 7, 'Laguna'),
(729, 2, 'Camarines Sur'),
(730, 3, 'Misamis Oriental'),
(731, 2, 'Cotabato'),
(732, 6, 'Zamboanga Sibugay'),
(733, 4, 'Metro Manila'),
(734, 2, 'Masbate'),
(735, 5, 'Zamboanga del Sur'),
(736, 3, 'Cagayan'),
(737, 6, 'Cotabato'),
(738, 1, 'Batangas'),
(739, 1, 'Albay'),
(740, 2, 'Capiz'),
(741, 6, 'Agusan del Norte'),
(742, 2, 'Iloilo'),
(743, 6, 'Negros Occidental'),
(744, 3, 'Bohol'),
(745, 4, 'Isabela'),
(746, 2, 'Siquijor'),
(747, 7, 'Occidental Mindoro'),
(748, 6, 'Davao Occidental'),
(749, 2, 'Batangas'),
(750, 5, 'Benguet'),
(751, 6, 'Basilan'),
(752, 6, 'Zamboanga del Sur'),
(753, 4, 'Misamis Oriental'),
(754, 2, 'Oriental Mindoro'),
(755, 4, 'Pangasinan'),
(756, 5, 'Benguet'),
(757, 7, 'Rizal'),
(758, 7, 'Albay'),
(759, 4, 'Surigao del Norte'),
(760, 6, 'Agusan del Norte'),
(761, 5, 'Biliran'),
(762, 6, 'Davao Oriental'),
(763, 7, 'Quezon'),
(764, 4, 'Metro Manila'),
(765, 5, 'Metro Manila'),
(766, 5, 'Siquijor'),
(767, 5, 'Albay'),
(768, 6, 'Sultan Kudarat'),
(769, 1, 'Cebu'),
(770, 1, 'Basilan'),
(771, 1, 'Masbate'),
(772, 3, 'Benguet'),
(773, 5, 'Surigao del Norte'),
(774, 6, 'Kalinga'),
(775, 2, 'Zamboanga Sibugay'),
(776, 6, 'Sarangani'),
(777, 7, 'Basilan'),
(778, 6, 'Quezon'),
(779, 6, 'Maguindanao del Norte'),
(780, 5, 'Ilocos Norte'),
(781, 7, 'Dinagat Islands'),
(782, 6, 'Leyte'),
(783, 2, 'Tawi-Tawi'),
(784, 6, 'Basilan'),
(785, 3, 'Apayao'),
(786, 2, 'Sorsogon'),
(787, 1, 'Cagayan'),
(788, 1, 'Sultan Kudarat'),
(789, 5, 'Masbate'),
(790, 7, 'Eastern Samar'),
(791, 1, 'Maguindanao del Sur'),
(792, 5, 'Sorsogon'),
(793, 1, 'Davao del Sur'),
(794, 7, 'Catanduanes'),
(795, 7, 'Camiguin'),
(796, 5, 'Misamis Oriental'),
(797, 4, 'Batangas'),
(798, 4, 'Bukidnon'),
(799, 2, 'Zamboanga del Norte'),
(800, 4, 'Surigao del Norte'),
(801, 6, 'Marinduque'),
(802, 2, 'Kalinga'),
(803, 7, 'Eastern Samar'),
(804, 6, 'Abra'),
(805, 3, 'Ilocos Sur'),
(806, 3, 'Agusan del Norte'),
(807, 5, 'Surigao del Norte'),
(808, 2, 'Misamis Oriental'),
(809, 2, 'Zamboanga del Norte'),
(810, 1, 'Camarines Norte'),
(811, 2, 'Southern Leyte'),
(812, 3, 'Kalinga'),
(813, 3, 'Davao del Norte'),
(814, 7, 'La Union'),
(815, 3, 'Aurora'),
(816, 6, 'Quezon'),
(817, 6, 'Zambales'),
(818, 1, 'Sorsogon'),
(819, 5, 'Davao Occidental'),
(820, 2, 'Ilocos Norte'),
(821, 1, 'Cebu'),
(822, 7, 'Bukidnon'),
(823, 1, 'Sulu'),
(824, 5, 'Aklan'),
(825, 7, 'Batangas'),
(826, 6, 'Biliran'),
(827, 1, 'Leyte'),
(828, 3, 'Rizal'),
(829, 3, 'Sulu'),
(830, 4, 'Metro Manila'),
(831, 4, 'Maguindanao del Norte'),
(832, 7, 'Surigao del Sur'),
(833, 3, 'Davao de Oro'),
(834, 6, 'Antique'),
(835, 5, 'Southern Leyte'),
(836, 1, 'Cagayan'),
(837, 3, 'Benguet'),
(838, 5, 'Mountain Province'),
(839, 2, 'Metro Manila'),
(840, 2, 'Marinduque'),
(841, 3, 'Siquijor'),
(842, 2, 'Northern Samar'),
(843, 6, 'Cotabato'),
(844, 4, 'Surigao del Norte'),
(845, 7, 'Pampanga'),
(846, 4, 'Bohol'),
(847, 3, 'Camarines Norte'),
(848, 5, 'Isabela'),
(849, 7, 'Metro Manila'),
(850, 4, 'Samar'),
(851, 5, 'Tawi-Tawi'),
(852, 2, 'Tarlac'),
(853, 5, 'Romblon'),
(854, 5, 'Davao Occidental'),
(855, 5, 'Zamboanga del Norte'),
(856, 7, 'Lanao del Sur'),
(857, 1, 'Cavite'),
(858, 4, 'Aklan'),
(859, 3, 'Romblon'),
(860, 3, 'Bohol'),
(861, 5, 'Rizal'),
(862, 3, 'Oriental Mindoro'),
(863, 7, 'Ilocos Norte'),
(864, 3, 'Misamis Oriental'),
(865, 7, 'Metro Manila'),
(866, 5, 'Mountain Province'),
(867, 6, 'Camarines Norte'),
(868, 4, 'Maguindanao del Sur'),
(869, 3, 'Occidental Mindoro'),
(870, 4, 'Camarines Sur'),
(871, 1, 'Biliran'),
(872, 1, 'Bukidnon'),
(873, 3, 'Metro Manila'),
(874, 3, 'Apayao'),
(875, 4, 'Zamboanga del Norte'),
(876, 5, 'Lanao del Sur'),
(877, 3, 'Pangasinan'),
(878, 3, 'Benguet'),
(879, 5, 'Davao del Sur'),
(880, 6, 'Maguindanao del Sur'),
(881, 4, 'Zamboanga del Sur'),
(882, 6, 'Catanduanes'),
(883, 4, 'Bulacan'),
(884, 1, 'Bohol'),
(885, 6, 'Apayao'),
(886, 6, 'Kalinga'),
(887, 4, 'Oriental Mindoro'),
(888, 2, 'Zambales'),
(889, 4, 'Camiguin'),
(890, 7, 'Sorsogon'),
(891, 6, 'Dinagat Islands'),
(892, 5, 'Camiguin'),
(893, 6, 'Ilocos Sur'),
(894, 5, 'Agusan del Sur'),
(895, 7, 'Davao del Sur'),
(896, 1, 'Benguet'),
(897, 2, 'Maguindanao del Norte'),
(898, 7, 'Capiz'),
(899, 6, 'Batanes'),
(900, 4, 'Palawan'),
(901, 2, 'Ilocos Norte'),
(902, 4, 'Metro Manila'),
(903, 7, 'Bulacan'),
(904, 6, 'Capiz'),
(905, 4, 'Romblon'),
(906, 1, 'Pampanga'),
(907, 7, 'Sulu'),
(908, 3, 'Northern Samar'),
(909, 2, 'Agusan del Norte'),
(910, 1, 'Aurora'),
(911, 6, 'Quezon'),
(912, 3, 'Negros Occidental'),
(913, 3, 'Bukidnon'),
(914, 6, 'Nueva Ecija'),
(915, 2, 'Bohol'),
(916, 4, 'Abra'),
(917, 6, 'Ilocos Norte'),
(918, 4, 'Zamboanga Sibugay'),
(919, 1, 'Basilan'),
(920, 6, 'Aurora'),
(921, 1, 'Tawi-Tawi'),
(922, 5, 'Romblon'),
(923, 3, 'Southern Leyte'),
(924, 4, 'Quezon'),
(925, 6, 'Quezon'),
(926, 2, 'Zamboanga del Norte'),
(927, 4, 'Davao Occidental'),
(928, 6, 'Marinduque'),
(929, 6, 'Maguindanao del Norte'),
(930, 5, 'Sulu'),
(931, 5, 'Siquijor'),
(932, 1, 'Samar'),
(933, 4, 'Samar'),
(934, 3, 'South Cotabato'),
(935, 3, 'Davao del Norte'),
(936, 7, 'Agusan del Norte'),
(937, 4, 'Kalinga'),
(938, 5, 'Maguindanao del Norte'),
(939, 5, 'Zamboanga del Norte'),
(940, 5, 'Metro Manila'),
(941, 7, 'Lanao del Sur'),
(942, 6, 'Laguna'),
(943, 3, 'Capiz'),
(944, 3, 'Maguindanao del Norte'),
(945, 7, 'Eastern Samar'),
(946, 2, 'Agusan del Norte'),
(947, 5, 'Leyte'),
(948, 2, 'Nueva Vizcaya'),
(949, 5, 'Albay'),
(950, 1, 'Camiguin'),
(951, 3, 'Laguna'),
(952, 6, 'Eastern Samar'),
(953, 4, 'Zamboanga del Sur'),
(954, 5, 'Occidental Mindoro'),
(955, 4, 'Zamboanga Sibugay'),
(956, 5, 'Lanao del Sur'),
(957, 4, 'South Cotabato'),
(958, 4, 'Lanao del Sur'),
(959, 1, 'Cotabato'),
(960, 5, 'Romblon'),
(961, 3, 'Lanao del Sur'),
(962, 4, 'La Union'),
(963, 7, 'Davao Occidental'),
(964, 6, 'Pampanga'),
(965, 1, 'La Union'),
(966, 3, 'Oriental Mindoro'),
(967, 4, 'Pangasinan'),
(968, 4, 'Tawi-Tawi'),
(969, 1, 'Lanao del Norte'),
(970, 6, 'Catanduanes'),
(971, 7, 'Leyte'),
(972, 2, 'Ifugao'),
(973, 1, 'Basilan'),
(974, 6, 'Negros Occidental'),
(975, 7, 'Dinagat Islands'),
(976, 1, 'Occidental Mindoro'),
(977, 5, 'Dinagat Islands'),
(978, 1, 'Negros Occidental'),
(979, 4, 'Oriental Mindoro'),
(980, 3, 'Negros Occidental'),
(981, 4, 'Cavite'),
(982, 7, 'Zamboanga del Sur'),
(983, 3, 'Basilan'),
(984, 1, 'Negros Occidental'),
(985, 7, 'Camarines Norte'),
(986, 5, 'Romblon'),
(987, 2, 'Masbate'),
(988, 3, 'Metro Manila'),
(989, 1, 'Laguna'),
(990, 2, 'Misamis Occidental'),
(991, 7, 'Iloilo'),
(992, 1, 'Maguindanao del Sur'),
(993, 3, 'Quezon'),
(994, 6, 'Nueva Ecija'),
(995, 5, 'Biliran'),
(996, 1, 'Pampanga'),
(997, 1, 'Metro Manila'),
(998, 3, 'Tawi-Tawi'),
(999, 6, 'Misamis Occidental'),
(1000, 6, 'Catanduanes');

-- --------------------------------------------------------

--
-- Table structure for table `customer_type`
--

CREATE TABLE `customer_type` (
  `id` int(11) NOT NULL,
  `type_code` varchar(50) NOT NULL,
  `type` varchar(50) NOT NULL
) ENGINE=InnoDB DEFAULT CHARSET=utf8mb4 COLLATE=utf8mb4_general_ci;

--
-- Dumping data for table `customer_type`
--

INSERT INTO `customer_type` (`id`, `type_code`, `type`) VALUES
(1, 'stu', 'student'),
(2, 'ind', 'individual'),
(3, 'pri', 'private'),
(4, 'govt', 'government'),
(5, 'int', 'internal'),
(6, 'aca', 'academe'),
(7, 'n/a', 'not applicable');

-- --------------------------------------------------------

--
-- Table structure for table `date_label`
--

CREATE TABLE `date_label` (
  `date` date NOT NULL
) ENGINE=InnoDB DEFAULT CHARSET=utf8mb4 COLLATE=utf8mb4_general_ci;

--
-- Dumping data for table `date_label`
--

INSERT INTO `date_label` (`date`) VALUES
('2023-01-01'),
('2023-01-02'),
('2023-01-03'),
('2023-01-04'),
('2023-01-05'),
('2023-01-06'),
('2023-01-07'),
('2023-01-08'),
('2023-01-09'),
('2023-01-10'),
('2023-01-11'),
('2023-01-12'),
('2023-01-13'),
('2023-01-14'),
('2023-01-15'),
('2023-01-16'),
('2023-01-17'),
('2023-01-18'),
('2023-01-19'),
('2023-01-20'),
('2023-01-21'),
('2023-01-22'),
('2023-01-23'),
('2023-01-24'),
('2023-01-25'),
('2023-01-26'),
('2023-01-27'),
('2023-01-28'),
('2023-01-29'),
('2023-01-30'),
('2023-01-31'),
('2023-02-01'),
('2023-02-02'),
('2023-02-03'),
('2023-02-04'),
('2023-02-05'),
('2023-02-06'),
('2023-02-07'),
('2023-02-08'),
('2023-02-09'),
('2023-02-10'),
('2023-02-11'),
('2023-02-12'),
('2023-02-13'),
('2023-02-14'),
('2023-02-15'),
('2023-02-16'),
('2023-02-17'),
('2023-02-18'),
('2023-02-19'),
('2023-02-20'),
('2023-02-21'),
('2023-02-22'),
('2023-02-23'),
('2023-02-24'),
('2023-02-25'),
('2023-02-26'),
('2023-02-27'),
('2023-02-28'),
('2023-03-01'),
('2023-03-02'),
('2023-03-03'),
('2023-03-04'),
('2023-03-05'),
('2023-03-06'),
('2023-03-07'),
('2023-03-08'),
('2023-03-09'),
('2023-03-10'),
('2023-03-11'),
('2023-03-12'),
('2023-03-13'),
('2023-03-14'),
('2023-03-15'),
('2023-03-16'),
('2023-03-17'),
('2023-03-18'),
('2023-03-19'),
('2023-03-20'),
('2023-03-21'),
('2023-03-22'),
('2023-03-23'),
('2023-03-24'),
('2023-03-25'),
('2023-03-26'),
('2023-03-27'),
('2023-03-28'),
('2023-03-29'),
('2023-03-30'),
('2023-03-31'),
('2023-04-01'),
('2023-04-02'),
('2023-04-03'),
('2023-04-04'),
('2023-04-05'),
('2023-04-06'),
('2023-04-07'),
('2023-04-08'),
('2023-04-09'),
('2023-04-10'),
('2023-04-11'),
('2023-04-12'),
('2023-04-13'),
('2023-04-14'),
('2023-04-15'),
('2023-04-16'),
('2023-04-17'),
('2023-04-18'),
('2023-04-19'),
('2023-04-20'),
('2023-04-21'),
('2023-04-22'),
('2023-04-23'),
('2023-04-24'),
('2023-04-25'),
('2023-04-26'),
('2023-04-27'),
('2023-04-28'),
('2023-04-29'),
('2023-04-30'),
('2023-05-01'),
('2023-05-02'),
('2023-05-03'),
('2023-05-04'),
('2023-05-05'),
('2023-05-06'),
('2023-05-07'),
('2023-05-08'),
('2023-05-09'),
('2023-05-10'),
('2023-05-11'),
('2023-05-12'),
('2023-05-13'),
('2023-05-14'),
('2023-05-15'),
('2023-05-16'),
('2023-05-17'),
('2023-05-18'),
('2023-05-19'),
('2023-05-20'),
('2023-05-21'),
('2023-05-22'),
('2023-05-23'),
('2023-05-24'),
('2023-05-25'),
('2023-05-26'),
('2023-05-27'),
('2023-05-28'),
('2023-05-29'),
('2023-05-30'),
('2023-05-31'),
('2023-06-01'),
('2023-06-02'),
('2023-06-03'),
('2023-06-04'),
('2023-06-05'),
('2023-06-06'),
('2023-06-07'),
('2023-06-08'),
('2023-06-09'),
('2023-06-10'),
('2023-06-11'),
('2023-06-12'),
('2023-06-13'),
('2023-06-14'),
('2023-06-15'),
('2023-06-16'),
('2023-06-17'),
('2023-06-18'),
('2023-06-19'),
('2023-06-20'),
('2023-06-21'),
('2023-06-22'),
('2023-06-23'),
('2023-06-24'),
('2023-06-25'),
('2023-06-26'),
('2023-06-27'),
('2023-06-28'),
('2023-06-29'),
('2023-06-30'),
('2023-07-01'),
('2023-07-02'),
('2023-07-03'),
('2023-07-04'),
('2023-07-05'),
('2023-07-06'),
('2023-07-07'),
('2023-07-08'),
('2023-07-09'),
('2023-07-10'),
('2023-07-11'),
('2023-07-12'),
('2023-07-13'),
('2023-07-14'),
('2023-07-15'),
('2023-07-16'),
('2023-07-17'),
('2023-07-18'),
('2023-07-19'),
('2023-07-20'),
('2023-07-21'),
('2023-07-22'),
('2023-07-23'),
('2023-07-24'),
('2023-07-25'),
('2023-07-26'),
('2023-07-27'),
('2023-07-28'),
('2023-07-29'),
('2023-07-30'),
('2023-07-31'),
('2023-08-01'),
('2023-08-02'),
('2023-08-03'),
('2023-08-04'),
('2023-08-05'),
('2023-08-06'),
('2023-08-07'),
('2023-08-08'),
('2023-08-09'),
('2023-08-10'),
('2023-08-11'),
('2023-08-12'),
('2023-08-13'),
('2023-08-14'),
('2023-08-15'),
('2023-08-16'),
('2023-08-17'),
('2023-08-18'),
('2023-08-19'),
('2023-08-20'),
('2023-08-21'),
('2023-08-22'),
('2023-08-23'),
('2023-08-24'),
('2023-08-25'),
('2023-08-26'),
('2023-08-27'),
('2023-08-28'),
('2023-08-29'),
('2023-08-30'),
('2023-08-31'),
('2023-09-01'),
('2023-09-02'),
('2023-09-03'),
('2023-09-04'),
('2023-09-05'),
('2023-09-06'),
('2023-09-07'),
('2023-09-08'),
('2023-09-09'),
('2023-09-10'),
('2023-09-11'),
('2023-09-12'),
('2023-09-13'),
('2023-09-14'),
('2023-09-15'),
('2023-09-16'),
('2023-09-17'),
('2023-09-18'),
('2023-09-19'),
('2023-09-20'),
('2023-09-21'),
('2023-09-22'),
('2023-09-23'),
('2023-09-24'),
('2023-09-25'),
('2023-09-26'),
('2023-09-27'),
('2023-09-28'),
('2023-09-29'),
('2023-09-30'),
('2023-10-01'),
('2023-10-02'),
('2023-10-03'),
('2023-10-04'),
('2023-10-05'),
('2023-10-06'),
('2023-10-07'),
('2023-10-08'),
('2023-10-09'),
('2023-10-10'),
('2023-10-11'),
('2023-10-12'),
('2023-10-13'),
('2023-10-14'),
('2023-10-15'),
('2023-10-16'),
('2023-10-17'),
('2023-10-18'),
('2023-10-19'),
('2023-10-20'),
('2023-10-21'),
('2023-10-22'),
('2023-10-23'),
('2023-10-24'),
('2023-10-25'),
('2023-10-26'),
('2023-10-27'),
('2023-10-28'),
('2023-10-29'),
('2023-10-30'),
('2023-10-31'),
('2023-11-01'),
('2023-11-02'),
('2023-11-03'),
('2023-11-04'),
('2023-11-05'),
('2023-11-06'),
('2023-11-07'),
('2023-11-08'),
('2023-11-09'),
('2023-11-10'),
('2023-11-11'),
('2023-11-12'),
('2023-11-13'),
('2023-11-14'),
('2023-11-15'),
('2023-11-16'),
('2023-11-17'),
('2023-11-18'),
('2023-11-19'),
('2023-11-20'),
('2023-11-21'),
('2023-11-22'),
('2023-11-23'),
('2023-11-24'),
('2023-11-25'),
('2023-11-26'),
('2023-11-27'),
('2023-11-28'),
('2023-11-29'),
('2023-11-30'),
('2023-12-01'),
('2023-12-02'),
('2023-12-03'),
('2023-12-04'),
('2023-12-05'),
('2023-12-06'),
('2023-12-07'),
('2023-12-08'),
('2023-12-09'),
('2023-12-10'),
('2023-12-11'),
('2023-12-12'),
('2023-12-13'),
('2023-12-14'),
('2023-12-15'),
('2023-12-16'),
('2023-12-17'),
('2023-12-18'),
('2023-12-19'),
('2023-12-20'),
('2023-12-21'),
('2023-12-22'),
('2023-12-23'),
('2023-12-24'),
('2023-12-25'),
('2023-12-26'),
('2023-12-27'),
('2023-12-28'),
('2023-12-29'),
('2023-12-30'),
('2023-12-31'),
('2024-01-01'),
('2024-01-02'),
('2024-01-03'),
('2024-01-04'),
('2024-01-05'),
('2024-01-06'),
('2024-01-07'),
('2024-01-08'),
('2024-01-09'),
('2024-01-10'),
('2024-01-11'),
('2024-01-12'),
('2024-01-13'),
('2024-01-14'),
('2024-01-15'),
('2024-01-16'),
('2024-01-17'),
('2024-01-18'),
('2024-01-19'),
('2024-01-20'),
('2024-01-21'),
('2024-01-22'),
('2024-01-23'),
('2024-01-24'),
('2024-01-25'),
('2024-01-26'),
('2024-01-27'),
('2024-01-28'),
('2024-01-29'),
('2024-01-30'),
('2024-01-31'),
('2024-02-01'),
('2024-02-02'),
('2024-02-03'),
('2024-02-04'),
('2024-02-05'),
('2024-02-06'),
('2024-02-07'),
('2024-02-08'),
('2024-02-09'),
('2024-02-10'),
('2024-02-11'),
('2024-02-12'),
('2024-02-13'),
('2024-02-14'),
('2024-02-15'),
('2024-02-16'),
('2024-02-17'),
('2024-02-18'),
('2024-02-19'),
('2024-02-20'),
('2024-02-21'),
('2024-02-22'),
('2024-02-23'),
('2024-02-24'),
('2024-02-25'),
('2024-02-26'),
('2024-02-27'),
('2024-02-28'),
('2024-02-29'),
('2024-03-01'),
('2024-03-02'),
('2024-03-03'),
('2024-03-04'),
('2024-03-05'),
('2024-03-06'),
('2024-03-07'),
('2024-03-08'),
('2024-03-09'),
('2024-03-10'),
('2024-03-11'),
('2024-03-12'),
('2024-03-13'),
('2024-03-14'),
('2024-03-15'),
('2024-03-16'),
('2024-03-17'),
('2024-03-18'),
('2024-03-19'),
('2024-03-20'),
('2024-03-21'),
('2024-03-22'),
('2024-03-23'),
('2024-03-24'),
('2024-03-25'),
('2024-03-26'),
('2024-03-27'),
('2024-03-28'),
('2024-03-29'),
('2024-03-30'),
('2024-03-31'),
('2024-04-01'),
('2024-04-02'),
('2024-04-03'),
('2024-04-04'),
('2024-04-05'),
('2024-04-06'),
('2024-04-07'),
('2024-04-08'),
('2024-04-09'),
('2024-04-10'),
('2024-04-11'),
('2024-04-12'),
('2024-04-13'),
('2024-04-14'),
('2024-04-15'),
('2024-04-16'),
('2024-04-17'),
('2024-04-18'),
('2024-04-19'),
('2024-04-20'),
('2024-04-21'),
('2024-04-22'),
('2024-04-23'),
('2024-04-24'),
('2024-04-25'),
('2024-04-26'),
('2024-04-27'),
('2024-04-28'),
('2024-04-29'),
('2024-04-30'),
('2024-05-01'),
('2024-05-02'),
('2024-05-03'),
('2024-05-04'),
('2024-05-05'),
('2024-05-06'),
('2024-05-07'),
('2024-05-08'),
('2024-05-09'),
('2024-05-10'),
('2024-05-11'),
('2024-05-12'),
('2024-05-13'),
('2024-05-14'),
('2024-05-15'),
('2024-05-16'),
('2024-05-17'),
('2024-05-18'),
('2024-05-19'),
('2024-05-20'),
('2024-05-21'),
('2024-05-22'),
('2024-05-23'),
('2024-05-24'),
('2024-05-25'),
('2024-05-26'),
('2024-05-27'),
('2024-05-28'),
('2024-05-29'),
('2024-05-30'),
('2024-05-31'),
('2024-06-01'),
('2024-06-02'),
('2024-06-03'),
('2024-06-04'),
('2024-06-05'),
('2024-06-06'),
('2024-06-07'),
('2024-06-08'),
('2024-06-09'),
('2024-06-10'),
('2024-06-11'),
('2024-06-12'),
('2024-06-13'),
('2024-06-14'),
('2024-06-15'),
('2024-06-16'),
('2024-06-17'),
('2024-06-18'),
('2024-06-19'),
('2024-06-20'),
('2024-06-21'),
('2024-06-22'),
('2024-06-23'),
('2024-06-24'),
('2024-06-25'),
('2024-06-26'),
('2024-06-27'),
('2024-06-28'),
('2024-06-29'),
('2024-06-30'),
('2024-07-01'),
('2024-07-02'),
('2024-07-03'),
('2024-07-04'),
('2024-07-05'),
('2024-07-06'),
('2024-07-07'),
('2024-07-08'),
('2024-07-09'),
('2024-07-10'),
('2024-07-11'),
('2024-07-12'),
('2024-07-13'),
('2024-07-14'),
('2024-07-15'),
('2024-07-16'),
('2024-07-17'),
('2024-07-18'),
('2024-07-19'),
('2024-07-20'),
('2024-07-21'),
('2024-07-22'),
('2024-07-23'),
('2024-07-24'),
('2024-07-25'),
('2024-07-26'),
('2024-07-27'),
('2024-07-28'),
('2024-07-29'),
('2024-07-30'),
('2024-07-31'),
('2024-08-01'),
('2024-08-02'),
('2024-08-03'),
('2024-08-04'),
('2024-08-05'),
('2024-08-06'),
('2024-08-07'),
('2024-08-08'),
('2024-08-09'),
('2024-08-10'),
('2024-08-11'),
('2024-08-12'),
('2024-08-13'),
('2024-08-14'),
('2024-08-15'),
('2024-08-16'),
('2024-08-17'),
('2024-08-18'),
('2024-08-19'),
('2024-08-20'),
('2024-08-21'),
('2024-08-22'),
('2024-08-23'),
('2024-08-24'),
('2024-08-25'),
('2024-08-26'),
('2024-08-27'),
('2024-08-28'),
('2024-08-29'),
('2024-08-30'),
('2024-08-31'),
('2024-09-01'),
('2024-09-02'),
('2024-09-03'),
('2024-09-04'),
('2024-09-05'),
('2024-09-06'),
('2024-09-07'),
('2024-09-08'),
('2024-09-09'),
('2024-09-10'),
('2024-09-11'),
('2024-09-12'),
('2024-09-13'),
('2024-09-14'),
('2024-09-15'),
('2024-09-16'),
('2024-09-17'),
('2024-09-18'),
('2024-09-19'),
('2024-09-20'),
('2024-09-21'),
('2024-09-22'),
('2024-09-23'),
('2024-09-24'),
('2024-09-25'),
('2024-09-26'),
('2024-09-27'),
('2024-09-28'),
('2024-09-29'),
('2024-09-30'),
('2024-10-01'),
('2024-10-02'),
('2024-10-03'),
('2024-10-04'),
('2024-10-05'),
('2024-10-06'),
('2024-10-07'),
('2024-10-08'),
('2024-10-09'),
('2024-10-10'),
('2024-10-11'),
('2024-10-12'),
('2024-10-13'),
('2024-10-14'),
('2024-10-15'),
('2024-10-16'),
('2024-10-17'),
('2024-10-18'),
('2024-10-19'),
('2024-10-20'),
('2024-10-21'),
('2024-10-22'),
('2024-10-23'),
('2024-10-24'),
('2024-10-25'),
('2024-10-26'),
('2024-10-27'),
('2024-10-28'),
('2024-10-29'),
('2024-10-30'),
('2024-10-31'),
('2024-11-01'),
('2024-11-02'),
('2024-11-03'),
('2024-11-04'),
('2024-11-05'),
('2024-11-06'),
('2024-11-07'),
('2024-11-08'),
('2024-11-09'),
('2024-11-10'),
('2024-11-11'),
('2024-11-12'),
('2024-11-13'),
('2024-11-14'),
('2024-11-15'),
('2024-11-16'),
('2024-11-17'),
('2024-11-18'),
('2024-11-19'),
('2024-11-20'),
('2024-11-21'),
('2024-11-22'),
('2024-11-23'),
('2024-11-24'),
('2024-11-25'),
('2024-11-26'),
('2024-11-27'),
('2024-11-28'),
('2024-11-29'),
('2024-11-30'),
('2024-12-01'),
('2024-12-02'),
('2024-12-03'),
('2024-12-04'),
('2024-12-05'),
('2024-12-06'),
('2024-12-07'),
('2024-12-08'),
('2024-12-09'),
('2024-12-10'),
('2024-12-11'),
('2024-12-12'),
('2024-12-13'),
('2024-12-14'),
('2024-12-15'),
('2024-12-16'),
('2024-12-17'),
('2024-12-18'),
('2024-12-19'),
('2024-12-20'),
('2024-12-21'),
('2024-12-22'),
('2024-12-23'),
('2024-12-24'),
('2024-12-25'),
('2024-12-26'),
('2024-12-27'),
('2024-12-28'),
('2024-12-29'),
('2024-12-30'),
('2024-12-31');

-- --------------------------------------------------------

--
-- Table structure for table `division`
--

CREATE TABLE `division` (
  `id` int(11) NOT NULL,
  `division_code` varchar(50) NOT NULL,
  `division` varchar(50) NOT NULL
) ENGINE=InnoDB DEFAULT CHARSET=utf8mb4 COLLATE=utf8mb4_general_ci;

--
-- Dumping data for table `division`
--

INSERT INTO `division` (`id`, `division_code`, `division`) VALUES
(1, 'NMD', 'National Metrology Division'),
(2, 'STD', 'Standards and Testing Division');

-- --------------------------------------------------------

--
-- Table structure for table `month_label`
--

CREATE TABLE `month_label` (
  `month` date NOT NULL
) ENGINE=InnoDB DEFAULT CHARSET=utf8mb4 COLLATE=utf8mb4_general_ci;

--
-- Dumping data for table `month_label`
--

INSERT INTO `month_label` (`month`) VALUES
('2023-01-01'),
('2023-02-01'),
('2023-03-01'),
('2023-04-01'),
('2023-05-01'),
('2023-06-01'),
('2023-07-01'),
('2023-08-01'),
('2023-09-01'),
('2023-10-01'),
('2023-11-01'),
('2023-12-01'),
('2024-01-01'),
('2024-02-01'),
('2024-03-01'),
('2024-04-01'),
('2024-05-01'),
('2024-06-01'),
('2024-07-01'),
('2024-08-01'),
('2024-09-01'),
('2024-10-01'),
('2024-11-01'),
('2024-12-01');

-- --------------------------------------------------------

--
-- Table structure for table `nmdtarget_income`
--

CREATE TABLE `nmdtarget_income` (
  `id` int(11) NOT NULL,
  `quarter_1` int(11) NOT NULL,
  `quarter_2` int(11) NOT NULL,
  `quarter_3` int(11) NOT NULL,
  `quarter_4` int(11) NOT NULL,
  `date` int(11) NOT NULL
) ENGINE=InnoDB DEFAULT CHARSET=utf8mb4 COLLATE=utf8mb4_general_ci;

--
-- Dumping data for table `nmdtarget_income`
--

INSERT INTO `nmdtarget_income` (`id`, `quarter_1`, `quarter_2`, `quarter_3`, `quarter_4`, `date`) VALUES
(1, 50001, 70001, 100001, 150001, 2023),
(2, 0, 0, 0, 0, 2024),
(3, 50000, 70000, 100000, 150000, 2022);

-- --------------------------------------------------------

--
-- Table structure for table `nmdtarget_transaction`
--

CREATE TABLE `nmdtarget_transaction` (
  `id` int(11) NOT NULL,
  `quarter_1` int(11) NOT NULL,
  `quarter_2` int(11) NOT NULL,
  `quarter_3` int(11) NOT NULL,
  `quarter_4` int(11) NOT NULL,
  `date` int(11) NOT NULL
) ENGINE=InnoDB DEFAULT CHARSET=utf8mb4 COLLATE=utf8mb4_general_ci;

--
-- Dumping data for table `nmdtarget_transaction`
--

INSERT INTO `nmdtarget_transaction` (`id`, `quarter_1`, `quarter_2`, `quarter_3`, `quarter_4`, `date`) VALUES
(1, 101, 201, 301, 401, 2023),
(2, 0, 0, 0, 0, 2024),
(3, 100, 200, 300, 400, 2022);

-- --------------------------------------------------------

--
-- Table structure for table `payment_method`
--

CREATE TABLE `payment_method` (
  `id` int(11) NOT NULL,
  `method_code` varchar(50) NOT NULL,
  `method` varchar(50) NOT NULL
) ENGINE=InnoDB DEFAULT CHARSET=utf8mb4 COLLATE=utf8mb4_general_ci;

--
-- Dumping data for table `payment_method`
--

INSERT INTO `payment_method` (`id`, `method_code`, `method`) VALUES
(1, 'OTC', 'Over the Counter'),
(2, 'OP', 'Online Payment'),
(3, 'CQ', 'Cheque');

-- --------------------------------------------------------

--
-- Table structure for table `stdtarget_income`
--

CREATE TABLE `stdtarget_income` (
  `id` int(11) NOT NULL,
  `quarter_1` int(11) NOT NULL,
  `quarter_2` int(11) NOT NULL,
  `quarter_3` int(11) NOT NULL,
  `quarter_4` int(11) NOT NULL,
  `date` int(11) NOT NULL
) ENGINE=InnoDB DEFAULT CHARSET=utf8mb4 COLLATE=utf8mb4_general_ci;

--
-- Dumping data for table `stdtarget_income`
--

INSERT INTO `stdtarget_income` (`id`, `quarter_1`, `quarter_2`, `quarter_3`, `quarter_4`, `date`) VALUES
(1, 50000, 70000, 100000, 150000, 2023),
(2, 50000, 70000, 100000, 150000, 2022);

-- --------------------------------------------------------

--
-- Table structure for table `stdtarget_transaction`
--

CREATE TABLE `stdtarget_transaction` (
  `id` int(11) NOT NULL,
  `quarter_1` int(11) NOT NULL,
  `quarter_2` int(11) NOT NULL,
  `quarter_3` int(11) NOT NULL,
  `quarter_4` int(11) NOT NULL,
  `date` int(11) NOT NULL
) ENGINE=InnoDB DEFAULT CHARSET=utf8mb4 COLLATE=utf8mb4_general_ci;

--
-- Dumping data for table `stdtarget_transaction`
--

INSERT INTO `stdtarget_transaction` (`id`, `quarter_1`, `quarter_2`, `quarter_3`, `quarter_4`, `date`) VALUES
(1, 100, 200, 300, 400, 2023),
(2, 100, 200, 300, 400, 2022);

-- --------------------------------------------------------

--
-- Table structure for table `transaction`
--

CREATE TABLE `transaction` (
  `id` int(11) NOT NULL,
  `transaction_number` int(11) NOT NULL,
  `customer_id` int(11) NOT NULL,
  `amount` float NOT NULL,
  `transaction_type` int(11) NOT NULL,
  `transaction_date` date NOT NULL,
  `transaction_status` int(11) NOT NULL,
  `payment_method` int(11) DEFAULT NULL,
  `payment_date` date DEFAULT NULL,
  `division` int(11) NOT NULL
) ENGINE=InnoDB DEFAULT CHARSET=utf8mb4 COLLATE=utf8mb4_general_ci;

--
-- Dumping data for table `transaction`
--

INSERT INTO `transaction` (`id`, `transaction_number`, `customer_id`, `amount`, `transaction_type`, `transaction_date`, `transaction_status`, `payment_method`, `payment_date`, `division`) VALUES
(1, 289810995, 22, 16681.7, 2, '2023-01-10', 3, 1, '2023-02-04', 1),
(2, 515027424, 687, 6384.42, 2, '2023-01-04', 3, 2, '2023-04-11', 1),
(3, 595044645, 370, 11159.2, 2, '2023-02-14', 1, 3, '2023-04-04', 1),
(4, 660279043, 786, 14705, 3, '2023-01-20', 3, 3, '2023-04-07', 1),
(5, 947437277, 821, 16102.1, 2, '2023-02-27', 2, 2, '2023-03-07', 2),
(6, 344594807, 747, 7464.95, 2, '2023-04-30', 3, 1, '2023-05-13', 1),
(7, 355944148, 269, 6202.43, 2, '2023-05-13', 1, 3, '2023-05-15', 2),
(8, 986847583, 105, 3789.35, 3, '2023-05-02', 3, 2, '2023-01-22', 2),
(9, 321962641, 715, 13797, 1, '2023-04-30', 2, 2, '2023-01-29', 2),
(10, 194418400, 263, 9932.76, 2, '2023-05-06', 2, 3, '2023-03-18', 1),
(11, 289277961, 168, 3996.64, 2, '2023-04-07', 1, 2, '2023-05-07', 2),
(12, 700122193, 50, 10468.9, 2, '2023-03-08', 1, 2, '2023-03-18', 2),
(13, 373710427, 746, 10350.1, 2, '2023-02-20', 3, 3, '2023-03-25', 2),
(14, 655039954, 579, 14322.3, 3, '2023-03-05', 1, 1, '2023-02-02', 2),
(15, 693007964, 658, 3916.66, 1, '2023-01-11', 1, 3, '2023-05-12', 1),
(16, 615045503, 550, 5616.49, 2, '2023-04-13', 2, 3, '2023-03-06', 1),
(17, 995636761, 777, 5474.25, 1, '2023-01-20', 1, 3, '2023-04-03', 1),
(18, 228787350, 233, 7862.9, 3, '2023-06-28', 1, 3, '2023-04-30', 1),
(19, 441620228, 835, 5564.7, 2, '2023-04-21', 1, 3, '2023-04-14', 2),
(20, 467523151, 474, 11849.2, 1, '2023-03-16', 1, 2, '2023-06-20', 1),
(21, 214595724, 866, 12872.5, 2, '2023-03-09', 1, 3, '2023-01-24', 1),
(22, 300864624, 905, 7612.38, 3, '2023-01-06', 3, 2, '2023-03-13', 2),
(23, 455559247, 928, 5118.94, 3, '2023-02-02', 1, 3, '2023-05-13', 2),
(24, 12415193, 926, 6540.7, 1, '2023-01-02', 1, 2, '2023-04-08', 1),
(25, 619117400, 844, 14187, 1, '2023-04-17', 2, 1, '2023-06-18', 1),
(26, 664703577, 444, 5835.53, 1, '2023-02-05', 1, 3, '2023-05-15', 2),
(27, 342125529, 685, 10283.6, 1, '2023-05-04', 2, 3, '2023-04-29', 1),
(28, 828961917, 95, 14454, 3, '2023-05-17', 1, 3, '2023-03-13', 1),
(29, 392130347, 419, 5153.98, 1, '2023-05-12', 3, 2, '2023-02-25', 1),
(30, 638983300, 808, 13327.7, 1, '2023-05-29', 3, 1, '2023-06-22', 2),
(31, 297383457, 784, 3566.08, 1, '2023-04-17', 1, 3, '2023-01-08', 1),
(32, 195120534, 494, 11945.9, 2, '2023-02-04', 3, 1, '2023-05-23', 1),
(33, 760716564, 117, 5398.62, 1, '2023-04-21', 2, 3, '2023-04-20', 1),
(34, 752729313, 103, 6819.43, 1, '2023-02-13', 2, 1, '2023-06-25', 1),
(35, 927407721, 164, 6539.27, 3, '2023-06-09', 1, 2, '2023-02-26', 2),
(36, 471595278, 510, 15329.8, 2, '2023-03-16', 2, 3, '2023-04-08', 2),
(37, 108275150, 59, 8809.04, 1, '2023-02-15', 3, 1, '2023-05-04', 1),
(38, 983888433, 762, 14987, 2, '2023-01-13', 2, 2, '2023-02-13', 1),
(39, 954744281, 632, 14689.3, 2, '2023-03-16', 1, 1, '2023-02-19', 1),
(40, 794930229, 875, 3832.55, 3, '2023-05-30', 2, 2, '2023-01-06', 1),
(41, 795997646, 477, 14667.5, 1, '2023-01-14', 3, 2, '2023-05-13', 1),
(42, 53033962, 761, 4736.65, 1, '2023-01-12', 1, 2, '2023-04-14', 1),
(43, 412816248, 373, 15052.9, 2, '2023-04-21', 1, 2, '2023-02-20', 1),
(44, 983449411, 580, 11958.5, 3, '2023-06-02', 2, 3, '2023-03-11', 1),
(45, 393889773, 782, 16170.3, 2, '2023-03-05', 3, 2, '2023-04-25', 2),
(46, 475416975, 171, 14626.9, 1, '2023-01-09', 3, 1, '2023-06-10', 1),
(47, 351060222, 505, 4889.46, 1, '2023-03-11', 3, 1, '2023-01-06', 2),
(48, 566529460, 15, 5144.31, 3, '2023-04-30', 2, 3, '2023-03-26', 1),
(49, 844376423, 557, 7014.27, 1, '2023-04-15', 2, 1, '2023-02-14', 1),
(50, 506460320, 741, 8731.14, 2, '2023-04-23', 1, 1, '2023-05-13', 1),
(51, 228718580, 33, 12367.5, 2, '2023-04-02', 2, 3, '2023-06-16', 1),
(52, 128676315, 940, 9675.07, 1, '2023-03-07', 3, 2, '2023-02-24', 1),
(53, 119565819, 601, 7592.33, 2, '2023-04-19', 2, 2, '2023-02-14', 1),
(54, 30847828, 184, 7507.14, 3, '2023-02-07', 1, 1, '2023-06-16', 2),
(55, 769662479, 116, 4718.44, 1, '2023-02-01', 2, 2, '2023-06-30', 2),
(56, 274149906, 28, 8923.96, 3, '2023-04-29', 2, 2, '2023-01-09', 2),
(57, 401349091, 794, 12615.7, 3, '2023-04-02', 2, 3, '2023-04-18', 2),
(58, 698011832, 882, 8550.24, 3, '2023-06-22', 3, 2, '2023-02-18', 1),
(59, 375406167, 29, 9008.85, 2, '2023-02-18', 1, 1, '2023-02-27', 1),
(60, 431452746, 498, 9375.99, 3, '2023-03-20', 3, 2, '2023-02-19', 2),
(61, 88664434, 404, 5270.34, 3, '2023-06-15', 1, 3, '2023-04-20', 2),
(62, 967910424, 523, 9564.44, 1, '2023-02-24', 1, 3, '2023-03-28', 1),
(63, 785442745, 404, 6639.34, 3, '2023-01-17', 3, 1, '2023-04-07', 1),
(64, 939168505, 451, 5913.69, 1, '2023-01-22', 3, 1, '2023-01-15', 2),
(65, 50696363, 43, 14874.8, 2, '2023-02-04', 2, 1, '2023-06-09', 2),
(66, 48851144, 862, 11916.5, 2, '2023-04-14', 1, 3, '2023-04-24', 2),
(67, 409572872, 180, 10958.3, 3, '2023-01-17', 3, 3, '2023-03-05', 2),
(68, 30543410, 311, 5595.64, 1, '2023-01-04', 3, 2, '2023-04-27', 1),
(69, 539630755, 18, 5725.39, 3, '2023-04-15', 1, 1, '2023-04-08', 1),
(70, 406971146, 153, 7953.36, 1, '2023-02-12', 3, 3, '2023-01-13', 1),
(71, 508605278, 714, 4349.38, 3, '2023-05-09', 1, 1, '2023-03-20', 1),
(72, 550068875, 107, 7629.7, 2, '2023-05-19', 2, 1, '2023-05-16', 1),
(73, 63536141, 395, 16697.6, 3, '2023-01-04', 3, 3, '2023-01-20', 2),
(74, 783672304, 652, 10333.9, 2, '2023-06-08', 1, 1, '2023-02-22', 1),
(75, 334193570, 75, 13246.5, 3, '2023-03-17', 1, 1, '2023-06-01', 2),
(76, 154931462, 420, 6841.29, 3, '2023-03-14', 1, 3, '2023-04-13', 1),
(77, 564123029, 874, 9508.01, 2, '2023-04-14', 1, 2, '2023-01-10', 2),
(78, 871719568, 110, 8327.94, 2, '2023-06-04', 3, 1, '2023-05-26', 2),
(79, 147019371, 927, 9491.74, 3, '2023-02-17', 3, 2, '2023-03-21', 1),
(80, 234927887, 303, 15518.9, 2, '2023-03-16', 3, 3, '2023-06-25', 1),
(81, 779587918, 735, 15188.5, 2, '2023-01-29', 3, 1, '2023-03-03', 2),
(82, 616942823, 766, 9671.91, 3, '2023-02-26', 1, 1, '2023-05-07', 1),
(83, 834299487, 624, 3823.39, 2, '2023-03-03', 3, 1, '2023-04-11', 2),
(84, 376521348, 821, 12885, 1, '2023-03-21', 1, 3, '2023-06-18', 1),
(85, 606251039, 234, 8222.97, 1, '2023-04-15', 3, 2, '2023-02-04', 1),
(86, 875290310, 705, 4539, 1, '2023-04-11', 3, 3, '2023-05-20', 1),
(87, 179895018, 823, 8544.85, 3, '2023-01-27', 2, 2, '2023-04-28', 2),
(88, 10299559, 998, 8284.21, 1, '2023-05-31', 3, 3, '2023-02-26', 2),
(89, 720162206, 522, 11330, 2, '2023-04-09', 3, 1, '2023-05-06', 2),
(90, 549329234, 614, 7151.58, 3, '2023-02-21', 1, 3, '2023-01-26', 1),
(91, 731308146, 506, 11483.9, 2, '2023-01-15', 1, 1, '2023-04-07', 2),
(92, 164612508, 685, 12005.2, 3, '2023-01-22', 2, 2, '2023-01-29', 2),
(93, 350004490, 908, 5918.29, 3, '2023-02-15', 3, 2, '2023-05-20', 2),
(94, 699691718, 482, 9649.44, 2, '2023-04-04', 1, 1, '2023-04-13', 2),
(95, 737068772, 688, 9460.73, 1, '2023-04-20', 1, 1, '2023-04-09', 1),
(96, 843685909, 994, 8916.48, 2, '2023-03-22', 1, 1, '2023-05-26', 2),
(97, 85476197, 905, 12197.1, 3, '2023-02-06', 2, 3, '2023-05-26', 1),
(98, 532575308, 544, 3766.03, 2, '2023-01-23', 2, 2, '2023-06-18', 1),
(99, 234227285, 4, 15415.5, 3, '2023-05-06', 3, 3, '2023-04-06', 2),
(100, 731235747, 387, 7209.78, 2, '2023-04-23', 3, 2, '2023-06-16', 2),
(101, 972491751, 922, 7842.14, 3, '2023-05-05', 3, 2, '2023-03-17', 1),
(102, 692539840, 451, 6246.34, 3, '2023-02-24', 2, 1, '2023-04-12', 1),
(103, 153046875, 486, 5815.44, 3, '2023-05-27', 2, 2, '2023-05-10', 2),
(104, 842574046, 77, 14916.5, 1, '2023-01-16', 3, 3, '2023-05-23', 2),
(105, 966565867, 925, 12185.8, 2, '2023-05-08', 3, 3, '2023-05-02', 2),
(106, 991907871, 396, 7739.96, 3, '2023-05-04', 3, 3, '2023-02-24', 1),
(107, 553378484, 203, 8456.81, 2, '2023-04-15', 1, 1, '2023-01-03', 2),
(108, 654625456, 825, 14970.3, 3, '2023-04-13', 1, 1, '2023-03-27', 2),
(109, 428819701, 517, 11971.9, 1, '2023-01-22', 3, 1, '2023-05-17', 2),
(110, 812414221, 108, 9828.73, 2, '2023-01-01', 2, 2, '2023-06-27', 1),
(111, 969075713, 991, 12257.5, 2, '2023-01-06', 3, 1, '2023-05-14', 2),
(112, 804095089, 630, 12626.8, 2, '2023-05-23', 3, 1, '2023-03-21', 2),
(113, 773535908, 175, 9237.49, 3, '2023-01-20', 3, 3, '2023-01-26', 2),
(114, 442295277, 986, 5353.8, 1, '2023-03-27', 3, 1, '2023-01-29', 2),
(115, 853101748, 406, 16460.7, 2, '2023-05-28', 2, 1, '2023-05-04', 2),
(116, 798097339, 70, 14213.1, 2, '2023-05-30', 1, 2, '2023-01-31', 1),
(117, 162509332, 132, 13785.8, 1, '2023-06-30', 2, 2, '2023-05-04', 1),
(118, 874094115, 447, 3576.85, 1, '2023-03-05', 2, 2, '2023-01-26', 2),
(119, 407687469, 842, 4905.35, 3, '2023-06-19', 3, 2, '2023-04-19', 2),
(120, 794668308, 867, 15818.5, 1, '2023-06-17', 2, 3, '2023-03-10', 2),
(121, 505316092, 807, 3842.08, 1, '2023-03-03', 1, 1, '2023-05-22', 1),
(122, 975453215, 435, 5425.35, 3, '2023-05-13', 3, 3, '2023-04-15', 2),
(123, 628284403, 752, 7914.04, 1, '2023-02-01', 1, 1, '2023-06-06', 1),
(124, 47028756, 457, 6812.12, 1, '2023-04-12', 1, 1, '2023-04-03', 1),
(125, 628591081, 27, 13003.4, 2, '2023-05-27', 1, 3, '2023-03-24', 2),
(126, 998274023, 762, 7024.51, 2, '2023-02-08', 2, 1, '2023-04-02', 1),
(127, 66958712, 729, 11080, 1, '2023-02-08', 1, 1, '2023-01-09', 1),
(128, 695946380, 357, 4632.79, 3, '2023-04-25', 2, 3, '2023-06-19', 2),
(129, 249430666, 598, 16601.2, 2, '2023-04-16', 1, 1, '2023-04-17', 1),
(130, 170483676, 920, 13120, 1, '2023-04-23', 2, 3, '2023-03-07', 2),
(131, 335936805, 806, 10349.8, 2, '2023-03-29', 3, 2, '2023-01-25', 1),
(132, 900999402, 270, 11622.4, 1, '2023-03-15', 2, 1, '2023-06-01', 1),
(133, 691718753, 929, 9479.97, 2, '2023-06-26', 3, 3, '2023-04-20', 1),
(134, 237546870, 837, 3689.73, 3, '2023-06-23', 1, 2, '2023-05-07', 1),
(135, 584802342, 395, 5485.74, 2, '2023-01-28', 2, 3, '2023-04-29', 1),
(136, 715456765, 465, 6223.63, 1, '2023-03-16', 3, 2, '2023-01-24', 1),
(137, 314877811, 141, 7287.8, 1, '2023-05-09', 1, 2, '2023-04-13', 2),
(138, 899257550, 308, 10356.3, 2, '2023-01-29', 1, 2, '2023-03-12', 1),
(139, 617028091, 117, 9844.86, 1, '2023-05-16', 1, 1, '2023-04-15', 2),
(140, 546350592, 659, 11431.8, 2, '2023-04-14', 3, 2, '2023-06-21', 1),
(141, 969078425, 945, 9348.98, 3, '2023-04-23', 2, 2, '2023-02-24', 2),
(142, 218638169, 745, 7194.22, 1, '2023-02-09', 1, 2, '2023-06-29', 2),
(143, 123660261, 892, 14109, 3, '2023-03-06', 1, 2, '2023-03-09', 2),
(144, 91146137, 224, 6533.04, 3, '2023-03-19', 2, 2, '2023-01-26', 1),
(145, 163766544, 442, 11903.5, 2, '2023-04-19', 3, 3, '2023-05-25', 1),
(146, 490987608, 540, 14509.8, 1, '2023-02-09', 1, 2, '2023-05-04', 2),
(147, 868773184, 373, 12765.7, 2, '2023-02-02', 2, 1, '2023-05-28', 2),
(148, 413220714, 244, 12368.7, 1, '2023-04-15', 2, 2, '2023-03-08', 1),
(149, 780980236, 99, 3733.32, 3, '2023-03-05', 1, 1, '2023-01-30', 2),
(150, 694119921, 761, 8944.72, 3, '2023-03-04', 1, 3, '2023-06-01', 2),
(151, 591039027, 511, 13065.4, 2, '2023-01-28', 2, 2, '2023-06-12', 1),
(152, 248625774, 271, 13521.1, 3, '2023-04-26', 1, 1, '2023-01-03', 1),
(153, 196003738, 822, 4731.87, 2, '2023-06-17', 1, 2, '2023-03-19', 2),
(154, 205625188, 294, 12010.3, 1, '2023-04-20', 3, 3, '2023-03-21', 1),
(155, 456873812, 5, 14749.8, 2, '2023-03-15', 3, 2, '2023-02-23', 2),
(156, 2484163, 142, 16656, 3, '2023-03-03', 3, 2, '2023-02-12', 1),
(157, 46742318, 697, 16198.5, 3, '2023-04-23', 2, 1, '2023-02-05', 1),
(158, 291981058, 55, 13317, 3, '2023-04-23', 2, 3, '2023-04-04', 1),
(159, 394710730, 186, 10512.4, 1, '2023-01-29', 1, 1, '2023-05-17', 2),
(160, 199841969, 766, 14424.9, 3, '2023-04-26', 3, 2, '2023-04-19', 1),
(161, 715662826, 268, 11067.2, 1, '2023-05-13', 1, 3, '2023-02-21', 2),
(162, 402196478, 42, 8242.84, 2, '2023-06-12', 3, 2, '2023-02-27', 1),
(163, 940797337, 407, 13081.9, 1, '2023-01-02', 2, 1, '2023-05-31', 2),
(164, 420142472, 908, 13984.9, 2, '2023-02-10', 2, 2, '2023-03-16', 1),
(165, 192160548, 320, 5347.5, 3, '2023-03-05', 3, 3, '2023-01-13', 2),
(166, 982122925, 873, 6818.55, 2, '2023-03-24', 1, 1, '2023-01-03', 1),
(167, 190381841, 406, 12243.6, 1, '2023-06-29', 1, 2, '2023-06-02', 2),
(168, 49358634, 409, 12435.8, 2, '2023-01-23', 2, 3, '2023-05-17', 1),
(169, 84472067, 828, 10269.5, 2, '2023-03-08', 3, 2, '2023-06-09', 2),
(170, 35215813, 911, 12441.3, 1, '2023-03-10', 2, 2, '2023-02-08', 1),
(171, 291098585, 72, 10299, 2, '2023-02-10', 1, 3, '2023-05-27', 1),
(172, 686361644, 625, 15187.1, 1, '2023-01-31', 1, 1, '2023-06-01', 2),
(173, 820576979, 909, 9246.82, 3, '2023-04-27', 1, 1, '2023-02-10', 2),
(174, 658997584, 668, 10827.6, 2, '2023-04-22', 1, 2, '2023-03-13', 1),
(175, 49834568, 615, 4898.02, 2, '2023-01-14', 1, 3, '2023-03-09', 2),
(176, 645180118, 71, 9218.56, 3, '2023-05-17', 2, 2, '2023-04-18', 2),
(177, 489337007, 510, 14271.3, 1, '2023-01-01', 3, 3, '2023-04-06', 1),
(178, 124773217, 336, 5420.59, 1, '2023-06-21', 1, 1, '2023-04-02', 1),
(179, 862379298, 147, 10050.5, 3, '2023-04-13', 1, 1, '2023-03-19', 1),
(180, 786729692, 729, 12406.9, 3, '2023-04-06', 2, 1, '2023-01-21', 2),
(181, 374577632, 203, 7186.86, 3, '2023-04-20', 2, 3, '2023-04-22', 1),
(182, 318808242, 827, 6458.88, 2, '2023-04-11', 3, 2, '2023-05-25', 2),
(183, 449064500, 527, 10688.3, 2, '2023-03-02', 2, 1, '2023-03-28', 1),
(184, 217753019, 154, 15058.3, 2, '2023-05-22', 3, 1, '2023-04-10', 1),
(185, 918921249, 189, 15869.5, 1, '2023-05-05', 1, 1, '2023-01-19', 2),
(186, 151929069, 483, 4212.16, 1, '2023-06-01', 2, 3, '2023-06-10', 2),
(187, 954604867, 847, 13927.9, 1, '2023-01-06', 2, 1, '2023-06-30', 1),
(188, 888691960, 787, 4227.59, 1, '2023-01-19', 1, 2, '2023-05-11', 1),
(189, 954068232, 392, 16528.1, 2, '2023-03-18', 3, 1, '2023-03-03', 2),
(190, 918603955, 599, 9002.88, 1, '2023-06-04', 3, 3, '2023-03-26', 2),
(191, 26198222, 818, 5185.69, 2, '2023-02-18', 3, 2, '2023-04-13', 1),
(192, 410017431, 293, 13326, 2, '2023-03-14', 2, 3, '2023-04-14', 2),
(193, 174381298, 11, 10693.7, 1, '2023-01-29', 3, 2, '2023-06-11', 2),
(194, 838568400, 175, 5311.87, 2, '2023-03-20', 3, 3, '2023-03-21', 1),
(195, 50690658, 841, 9911.04, 3, '2023-02-26', 1, 3, '2023-06-26', 1),
(196, 606789003, 681, 6444.71, 1, '2023-05-23', 1, 3, '2023-03-24', 1),
(197, 999628104, 881, 15801.9, 1, '2023-04-03', 3, 2, '2023-02-05', 1),
(198, 322441319, 362, 7331.92, 3, '2023-03-17', 2, 1, '2023-04-04', 2),
(199, 392007566, 167, 3945.19, 3, '2023-04-21', 3, 3, '2023-05-22', 2),
(200, 103363157, 749, 4572.57, 1, '2023-02-19', 1, 3, '2023-04-20', 2),
(201, 883835168, 243, 16541.4, 3, '2023-04-30', 2, 2, '2023-01-20', 2),
(202, 124442242, 968, 13907.9, 1, '2023-04-22', 2, 1, '2023-01-08', 2),
(203, 959012619, 108, 6599.81, 2, '2023-04-23', 3, 1, '2023-06-01', 1),
(204, 412934280, 637, 10401.9, 1, '2023-04-24', 1, 2, '2023-05-27', 2),
(205, 436943236, 860, 10615.5, 2, '2023-06-16', 2, 3, '2023-04-15', 2),
(206, 49290892, 390, 10385, 3, '2023-03-01', 2, 2, '2023-01-21', 1),
(207, 282793604, 367, 15713.8, 1, '2023-03-06', 2, 2, '2023-01-10', 1),
(208, 952051117, 664, 4880.2, 1, '2023-03-13', 1, 2, '2023-06-08', 2),
(209, 59188528, 219, 15820, 2, '2023-01-28', 2, 1, '2023-04-18', 1),
(210, 386535377, 102, 12213.6, 3, '2023-05-19', 3, 3, '2023-05-19', 2),
(211, 479586189, 855, 10017.2, 2, '2023-01-14', 1, 2, '2023-03-12', 1),
(212, 849882423, 967, 13106.5, 2, '2023-02-02', 3, 1, '2023-06-21', 1),
(213, 105365752, 269, 5810.32, 3, '2023-02-18', 2, 3, '2023-06-17', 1),
(214, 401921529, 445, 13480.5, 3, '2023-03-11', 2, 3, '2023-01-10', 2),
(215, 558104005, 418, 9864.28, 2, '2023-02-21', 3, 2, '2023-04-29', 2),
(216, 679526593, 752, 12507, 3, '2023-04-30', 2, 3, '2023-05-22', 1),
(217, 599721169, 507, 10865.6, 3, '2023-04-16', 3, 3, '2023-01-22', 1),
(218, 809080002, 279, 10947.8, 3, '2023-05-26', 1, 3, '2023-03-30', 1),
(219, 40283099, 871, 4928.61, 2, '2023-05-07', 3, 1, '2023-04-30', 2),
(220, 239137012, 519, 13874.1, 1, '2023-01-21', 2, 1, '2023-02-24', 1),
(221, 207417631, 981, 12898.2, 3, '2023-04-17', 2, 1, '2023-05-15', 1),
(222, 804549563, 347, 8219.31, 2, '2023-02-18', 1, 1, '2023-05-14', 1),
(223, 17689336, 792, 9747.62, 3, '2023-06-14', 3, 2, '2023-01-20', 1),
(224, 456533182, 919, 7487.15, 3, '2023-04-06', 2, 2, '2023-01-18', 1),
(225, 435541209, 220, 15682.1, 2, '2023-04-09', 1, 3, '2023-01-23', 2),
(226, 672609646, 341, 7766.46, 2, '2023-04-22', 3, 1, '2023-03-28', 1),
(227, 787963437, 44, 7997.46, 1, '2023-03-25', 2, 1, '2023-05-11', 2),
(228, 309743507, 197, 16423.2, 1, '2023-03-20', 3, 2, '2023-06-13', 2),
(229, 537122349, 853, 6760.56, 1, '2023-02-14', 1, 3, '2023-01-26', 2),
(230, 143956760, 672, 15563, 2, '2023-02-07', 2, 3, '2023-05-03', 2),
(231, 464348304, 800, 9221.36, 3, '2023-06-28', 2, 2, '2023-03-25', 1),
(232, 301158491, 985, 5713.88, 2, '2023-01-18', 1, 2, '2023-02-05', 1),
(233, 869392591, 524, 7919.41, 1, '2023-03-04', 2, 2, '2023-01-22', 2),
(234, 997909708, 666, 13372.8, 3, '2023-06-03', 3, 1, '2023-04-30', 1),
(235, 846953875, 758, 15010, 2, '2023-02-08', 1, 3, '2023-04-12', 1),
(236, 694406400, 793, 8317.86, 2, '2023-01-13', 1, 1, '2023-05-25', 2),
(237, 796790093, 687, 12704.2, 2, '2023-06-04', 1, 1, '2023-06-09', 1),
(238, 900659038, 56, 5551.22, 3, '2023-01-25', 2, 3, '2023-02-26', 2),
(239, 837137987, 220, 11516.7, 1, '2023-03-25', 2, 1, '2023-02-14', 2),
(240, 391123627, 933, 12634.5, 2, '2023-04-12', 2, 2, '2023-05-21', 1),
(241, 693252776, 1, 8786.34, 3, '2023-02-27', 3, 3, '2023-01-04', 1),
(242, 234321414, 208, 11251.4, 3, '2023-02-09', 3, 1, '2023-04-17', 2),
(243, 833395580, 37, 5785.68, 2, '2023-02-19', 2, 2, '2023-02-16', 2),
(244, 292536682, 559, 4371.3, 3, '2023-03-18', 1, 2, '2023-03-09', 2),
(245, 160378498, 683, 16211.4, 2, '2023-03-25', 3, 2, '2023-01-19', 1),
(246, 617666430, 737, 4553.88, 1, '2023-02-04', 1, 2, '2023-06-05', 2),
(247, 634266653, 635, 13158.7, 1, '2023-05-22', 2, 2, '2023-03-22', 2),
(248, 844693574, 964, 4840.05, 1, '2023-06-08', 1, 1, '2023-05-15', 2),
(249, 781456165, 914, 4330.76, 3, '2023-05-18', 1, 1, '2023-02-16', 1),
(250, 977912396, 680, 16287.8, 3, '2023-04-04', 1, 3, '2023-05-17', 1),
(251, 223861359, 656, 13760.5, 1, '2023-01-11', 1, 1, '2023-03-28', 1),
(252, 684598892, 241, 7730.9, 3, '2023-04-22', 1, 3, '2023-06-03', 2),
(253, 924959603, 235, 5447.02, 3, '2023-03-28', 3, 2, '2023-04-25', 2),
(254, 61166139, 450, 10811.1, 1, '2023-03-21', 2, 2, '2023-03-31', 2),
(255, 729210060, 546, 14024.4, 1, '2023-03-14', 3, 3, '2023-06-07', 1),
(256, 137345469, 378, 16308.9, 2, '2023-02-14', 2, 1, '2023-05-04', 1),
(257, 985358516, 252, 12067.3, 2, '2023-05-05', 3, 3, '2023-05-24', 2),
(258, 483640138, 127, 12103.2, 3, '2023-06-25', 3, 3, '2023-02-04', 2),
(259, 965450666, 876, 12620.1, 3, '2023-05-11', 3, 3, '2023-02-10', 1),
(260, 280502520, 999, 7905.29, 2, '2023-06-28', 3, 1, '2023-02-10', 2),
(261, 647356201, 368, 10920.1, 3, '2023-03-30', 1, 1, '2023-03-12', 1),
(262, 436952868, 841, 10269.2, 1, '2023-05-24', 1, 2, '2023-04-10', 1),
(263, 339495743, 100, 16176.3, 2, '2023-01-31', 1, 2, '2023-01-22', 1),
(264, 415504476, 975, 15897.2, 3, '2023-04-30', 2, 2, '2023-03-11', 2),
(265, 668815630, 577, 6600.01, 2, '2023-03-23', 2, 1, '2023-04-03', 2),
(266, 39589959, 959, 12777.7, 2, '2023-02-26', 3, 3, '2023-06-27', 2),
(267, 970870309, 64, 4138.47, 2, '2023-04-19', 1, 3, '2023-05-25', 2),
(268, 501872695, 442, 8726.52, 2, '2023-05-27', 3, 2, '2023-05-10', 1),
(269, 48860945, 18, 4096.12, 3, '2023-02-15', 1, 1, '2023-02-25', 2),
(270, 581827366, 763, 16377.7, 3, '2023-06-19', 2, 3, '2023-03-10', 1),
(271, 180339397, 759, 6539.77, 2, '2023-01-07', 1, 3, '2023-04-03', 1),
(272, 182977365, 505, 15917.5, 2, '2023-06-25', 1, 1, '2023-01-09', 2),
(273, 859166938, 250, 14148.3, 3, '2023-05-22', 3, 2, '2023-04-12', 1),
(274, 144887025, 732, 4587.82, 3, '2023-03-26', 2, 2, '2023-05-20', 1),
(275, 820993364, 909, 16458, 2, '2023-01-13', 2, 1, '2023-01-31', 2),
(276, 236968149, 350, 4842.47, 1, '2023-05-28', 3, 3, '2023-06-24', 2),
(277, 893121017, 23, 14606.2, 1, '2023-03-04', 2, 3, '2023-03-05', 2),
(278, 351078143, 65, 10573.7, 3, '2023-06-18', 3, 3, '2023-03-16', 2),
(279, 17096871, 255, 14489, 1, '2023-05-03', 1, 2, '2023-01-15', 2),
(280, 567313344, 78, 10382.3, 1, '2023-01-14', 2, 2, '2023-05-13', 1),
(281, 335427180, 626, 12827.8, 1, '2023-01-24', 3, 2, '2023-06-05', 1),
(282, 474634100, 894, 8542.46, 2, '2023-01-30', 1, 2, '2023-01-16', 2),
(283, 77957327, 590, 11159.8, 2, '2023-05-07', 2, 1, '2023-05-16', 2),
(284, 924186536, 271, 4631.65, 3, '2023-03-26', 1, 2, '2023-02-04', 2),
(285, 969273533, 583, 10188.2, 2, '2023-03-25', 1, 2, '2023-04-16', 1),
(286, 833385114, 100, 10866.4, 1, '2023-04-05', 3, 2, '2023-02-14', 2),
(287, 269242162, 753, 15660.3, 1, '2023-06-22', 3, 2, '2023-03-16', 2),
(288, 575293637, 465, 9042.26, 3, '2023-04-10', 1, 2, '2023-03-20', 1),
(289, 373049849, 65, 12446.5, 2, '2023-06-22', 3, 1, '2023-06-22', 2),
(290, 656271260, 931, 3679.68, 3, '2023-06-25', 3, 2, '2023-06-12', 2),
(291, 203967421, 457, 9953.3, 3, '2023-02-27', 1, 3, '2023-01-17', 2),
(292, 453557480, 493, 4486.63, 1, '2023-04-16', 3, 1, '2023-01-17', 1),
(293, 69312642, 92, 4562.93, 3, '2023-04-09', 1, 1, '2023-05-05', 1),
(294, 901388506, 983, 3924.22, 3, '2023-01-08', 3, 2, '2023-01-16', 1),
(295, 556857614, 636, 12456.6, 1, '2023-01-21', 1, 2, '2023-04-27', 2),
(296, 568339929, 231, 7323.14, 1, '2023-04-05', 2, 1, '2023-02-11', 2),
(297, 363271583, 247, 6209.59, 3, '2023-02-20', 3, 3, '2023-03-24', 2),
(298, 564601734, 542, 11572.1, 1, '2023-05-11', 1, 1, '2023-03-13', 2),
(299, 603500072, 967, 8294.78, 3, '2023-05-11', 2, 2, '2023-03-21', 2),
(300, 416878843, 210, 14113.2, 1, '2023-06-26', 2, 1, '2023-04-10', 2),
(301, 944830476, 147, 15021.8, 3, '2023-04-05', 2, 3, '2023-06-28', 2),
(302, 545903291, 103, 7065.99, 1, '2023-03-17', 2, 2, '2023-01-27', 1),
(303, 896398834, 77, 10986.8, 1, '2023-03-12', 2, 1, '2023-01-29', 1),
(304, 912843992, 72, 7009.91, 1, '2023-03-02', 3, 1, '2023-06-18', 1),
(305, 836254947, 131, 12653.1, 2, '2023-06-01', 3, 3, '2023-05-18', 2),
(306, 592463550, 437, 15262.6, 3, '2023-01-02', 2, 2, '2023-03-27', 2),
(307, 481085512, 791, 4083.75, 1, '2023-01-10', 1, 1, '2023-05-28', 2),
(308, 410265085, 643, 4594.81, 2, '2023-06-28', 2, 3, '2023-05-05', 1),
(309, 93980393, 842, 4171.26, 1, '2023-01-15', 2, 1, '2023-05-06', 2),
(310, 430183780, 282, 9298.83, 2, '2023-02-20', 1, 2, '2023-03-15', 1),
(311, 991537143, 882, 13769.3, 1, '2023-05-10', 1, 1, '2023-02-05', 2),
(312, 420012372, 566, 6673.88, 2, '2023-04-15', 2, 1, '2023-05-31', 2),
(313, 438010312, 181, 4280.15, 1, '2023-03-03', 1, 3, '2023-02-15', 2),
(314, 575778990, 209, 8903.22, 1, '2023-05-05', 2, 3, '2023-03-01', 1),
(315, 935991358, 501, 7496.95, 3, '2023-04-17', 3, 2, '2023-04-05', 1),
(316, 745993162, 879, 8412.41, 3, '2023-05-25', 1, 3, '2023-03-05', 1),
(317, 317522100, 889, 13038.1, 2, '2023-05-18', 3, 2, '2023-06-20', 1),
(318, 633543758, 810, 16387.4, 3, '2023-03-09', 1, 2, '2023-05-17', 2),
(319, 328780754, 382, 6635.88, 1, '2023-02-02', 2, 2, '2023-05-18', 2),
(320, 85459781, 478, 8724.85, 3, '2023-04-08', 2, 1, '2023-01-25', 1),
(321, 665134154, 245, 8672.96, 3, '2023-05-31', 2, 2, '2023-01-11', 1),
(322, 41064696, 790, 10410.2, 1, '2023-05-28', 2, 3, '2023-05-11', 2),
(323, 251596291, 216, 5088.98, 1, '2023-01-26', 3, 2, '2023-04-04', 2),
(324, 293136408, 707, 7034.23, 3, '2023-04-12', 3, 3, '2023-05-20', 1),
(325, 950890777, 887, 7058.91, 2, '2023-04-07', 3, 1, '2023-01-16', 2),
(326, 861710619, 313, 3864.26, 2, '2023-03-29', 3, 2, '2023-06-11', 2),
(327, 257303273, 903, 15767.7, 2, '2023-01-20', 2, 1, '2023-01-06', 2),
(328, 480383282, 577, 9404.15, 1, '2023-06-02', 2, 2, '2023-02-28', 2),
(329, 591437488, 174, 10920.6, 1, '2023-05-21', 2, 1, '2023-01-08', 2),
(330, 243255017, 140, 6739.1, 2, '2023-01-31', 3, 2, '2023-06-16', 2),
(331, 358167126, 178, 7364.83, 3, '2023-01-30', 3, 3, '2023-04-05', 1),
(332, 697881226, 467, 4533.79, 3, '2023-05-24', 1, 1, '2023-04-10', 2),
(333, 54047648, 801, 11809.6, 1, '2023-04-24', 3, 1, '2023-03-28', 1),
(334, 952378940, 603, 14333.7, 3, '2023-05-29', 3, 2, '2023-05-06', 1),
(335, 748742957, 612, 8432.04, 3, '2023-06-10', 2, 1, '2023-04-26', 1),
(336, 3808185, 252, 15955.3, 2, '2023-05-11', 1, 2, '2023-03-27', 1),
(337, 58157301, 425, 12520.1, 2, '2023-02-06', 3, 2, '2023-05-21', 2),
(338, 82366505, 365, 15566.5, 3, '2023-01-05', 1, 2, '2023-05-31', 2),
(339, 475356322, 552, 15556.7, 3, '2023-01-06', 2, 2, '2023-02-04', 2),
(340, 855440910, 663, 10826.9, 3, '2023-03-20', 2, 2, '2023-04-29', 2),
(341, 523691427, 661, 14811.3, 1, '2023-05-11', 2, 1, '2023-05-23', 1),
(342, 720099592, 313, 5731.47, 1, '2023-02-07', 3, 3, '2023-02-20', 2),
(343, 816760348, 581, 15600.1, 1, '2023-02-16', 2, 2, '2023-06-22', 1),
(344, 308154592, 967, 4958.88, 1, '2023-05-02', 1, 3, '2023-01-18', 2),
(345, 78606469, 92, 10957.7, 3, '2023-04-26', 2, 3, '2023-01-22', 2),
(346, 973034960, 556, 13707.8, 1, '2023-06-30', 1, 3, '2023-01-31', 2),
(347, 220310890, 505, 8620.16, 3, '2023-05-03', 2, 1, '2023-03-08', 1),
(348, 183677777, 856, 15114.5, 3, '2023-01-17', 3, 3, '2023-04-02', 2),
(349, 505293938, 763, 5426.74, 3, '2023-03-17', 2, 3, '2023-06-09', 2),
(350, 515549712, 247, 4750.99, 3, '2023-06-15', 2, 1, '2023-06-27', 1),
(351, 187154950, 947, 8746, 1, '2023-01-15', 3, 2, '2023-04-08', 2),
(352, 471881495, 994, 9857.06, 2, '2023-02-14', 3, 2, '2023-04-19', 2),
(353, 606101104, 129, 16594.5, 1, '2023-06-13', 2, 2, '2023-01-29', 2),
(354, 355119449, 660, 5295.54, 1, '2023-03-27', 1, 1, '2023-03-19', 2),
(355, 664841645, 915, 16527.3, 3, '2023-05-28', 1, 1, '2023-01-03', 1),
(356, 407259812, 595, 13112.2, 3, '2023-05-25', 3, 2, '2023-03-29', 2),
(357, 578412598, 227, 3513.27, 3, '2023-06-20', 3, 2, '2023-02-16', 1),
(358, 616448859, 352, 14261, 1, '2023-03-22', 2, 1, '2023-05-27', 2),
(359, 667035769, 76, 9962.33, 1, '2023-04-24', 1, 1, '2023-02-08', 2),
(360, 594894361, 325, 13539.2, 1, '2023-04-28', 1, 3, '2023-05-09', 1),
(361, 626870078, 396, 7947.13, 1, '2023-06-12', 3, 1, '2023-06-11', 1),
(362, 547276372, 3, 8315.29, 1, '2023-01-20', 3, 1, '2023-06-24', 2),
(363, 924800686, 828, 9643.83, 1, '2023-06-06', 1, 3, '2023-04-09', 2),
(364, 383371655, 128, 13475.6, 3, '2023-04-24', 2, 3, '2023-03-12', 1),
(365, 591564360, 159, 6528.11, 3, '2023-01-09', 3, 2, '2023-05-28', 2),
(366, 112591727, 409, 5419.53, 1, '2023-02-04', 2, 1, '2023-06-28', 2),
(367, 44079388, 567, 11058, 2, '2023-06-02', 1, 2, '2023-02-03', 1),
(368, 898360643, 610, 13214.8, 1, '2023-05-06', 1, 1, '2023-03-17', 2),
(369, 578403099, 347, 3775.26, 1, '2023-03-01', 1, 2, '2023-02-14', 1),
(370, 318766694, 906, 7933.94, 3, '2023-04-09', 3, 1, '2023-03-07', 2),
(371, 674014702, 486, 4345.37, 1, '2023-02-13', 1, 3, '2023-01-25', 2),
(372, 53236418, 711, 12639, 3, '2023-02-07', 3, 3, '2023-01-29', 2),
(373, 639026312, 97, 16590.4, 2, '2023-06-20', 1, 3, '2023-03-07', 1),
(374, 384668951, 352, 10106.9, 3, '2023-04-15', 1, 1, '2023-06-17', 1),
(375, 644098494, 468, 11247.9, 2, '2023-05-15', 1, 3, '2023-03-25', 2),
(376, 837634380, 282, 13177.3, 1, '2023-01-03', 3, 1, '2023-05-23', 2),
(377, 277005933, 6, 14652.2, 1, '2023-03-13', 3, 3, '2023-02-11', 1),
(378, 703581015, 185, 13427.2, 1, '2023-05-13', 3, 3, '2023-03-10', 1),
(379, 46297381, 908, 8821.61, 2, '2023-01-03', 3, 1, '2023-06-02', 1),
(380, 640733834, 981, 3887.35, 3, '2023-04-07', 2, 3, '2023-02-24', 1),
(381, 107363011, 182, 6101.13, 2, '2023-01-07', 3, 2, '2023-05-31', 2),
(382, 403356133, 965, 14012.5, 3, '2023-02-08', 2, 3, '2023-05-25', 2),
(383, 920892243, 280, 5765.42, 2, '2023-01-07', 1, 1, '2023-03-08', 2),
(384, 177957952, 505, 13245.1, 2, '2023-03-01', 3, 1, '2023-04-29', 2),
(385, 576359863, 685, 8475.41, 3, '2023-03-13', 2, 2, '2023-03-14', 2),
(386, 813452225, 910, 6965.74, 1, '2023-03-10', 3, 2, '2023-05-17', 2),
(387, 213128992, 495, 14323.3, 3, '2023-02-25', 3, 1, '2023-03-07', 1),
(388, 639742680, 744, 3910.71, 1, '2023-02-17', 3, 3, '2023-06-14', 1),
(389, 953102743, 236, 11523.1, 3, '2023-06-18', 2, 2, '2023-04-14', 2),
(390, 45807083, 945, 13207.7, 1, '2023-05-12', 3, 3, '2023-04-26', 1),
(391, 7536315, 19, 14211.8, 3, '2023-05-15', 2, 2, '2023-05-06', 1),
(392, 839754908, 260, 11021.2, 2, '2023-03-07', 1, 1, '2023-03-13', 1),
(393, 322601146, 240, 5254.27, 3, '2023-02-18', 1, 3, '2023-02-08', 2),
(394, 464993258, 421, 13105.6, 1, '2023-02-22', 2, 1, '2023-06-18', 2),
(395, 142186540, 385, 14143.3, 2, '2023-03-06', 1, 2, '2023-04-02', 1),
(396, 51209458, 659, 8784.95, 3, '2023-01-31', 3, 1, '2023-04-18', 2),
(397, 686903937, 141, 10965, 1, '2023-05-18', 2, 2, '2023-05-21', 2),
(398, 732714152, 727, 12290, 3, '2023-03-25', 3, 1, '2023-06-25', 1),
(399, 118018120, 214, 5624.63, 1, '2023-02-12', 3, 1, '2023-06-05', 2),
(400, 78698027, 886, 16616.9, 2, '2023-01-09', 1, 2, '2023-06-18', 1),
(401, 979530736, 790, 13465.1, 2, '2023-05-14', 3, 3, '2023-05-02', 2),
(402, 897604224, 291, 5762.07, 2, '2023-05-07', 3, 1, '2023-01-18', 1),
(403, 372995738, 85, 13681.8, 1, '2023-01-05', 2, 2, '2023-02-23', 1),
(404, 876097448, 553, 12422.6, 1, '2023-06-03', 1, 2, '2023-03-19', 2),
(405, 823300875, 506, 9456.07, 2, '2023-06-22', 2, 3, '2023-05-11', 2),
(406, 400804682, 872, 9897.74, 2, '2023-01-14', 1, 1, '2023-04-04', 1),
(407, 900921250, 842, 4187.71, 3, '2023-03-28', 3, 3, '2023-05-04', 1),
(408, 517289840, 593, 7824.97, 3, '2023-01-13', 3, 3, '2023-04-14', 1),
(409, 69770490, 439, 7985.31, 2, '2023-02-25', 2, 3, '2023-02-22', 1),
(410, 869520712, 414, 3749.34, 2, '2023-01-24', 3, 1, '2023-01-30', 1),
(411, 274717135, 752, 10602.4, 2, '2023-06-07', 1, 1, '2023-02-25', 2),
(412, 753706284, 518, 9508.97, 1, '2023-04-24', 1, 1, '2023-05-23', 1),
(413, 588764588, 333, 6962.15, 2, '2023-06-02', 2, 2, '2023-04-18', 2),
(414, 896985402, 113, 14542.5, 1, '2023-02-26', 1, 2, '2023-04-17', 2),
(415, 629678444, 564, 8915.28, 3, '2023-04-29', 2, 3, '2023-04-26', 2),
(416, 755186150, 483, 11391.9, 3, '2023-03-21', 2, 1, '2023-06-16', 1),
(417, 698907779, 719, 3621.21, 3, '2023-05-31', 3, 1, '2023-02-04', 2),
(418, 377601641, 146, 13436.4, 3, '2023-06-29', 2, 2, '2023-01-05', 2),
(419, 608225497, 572, 12709.5, 3, '2023-05-09', 1, 3, '2023-01-10', 1),
(420, 351230703, 424, 11533.6, 2, '2023-05-24', 2, 1, '2023-04-25', 1),
(421, 781020670, 400, 5139.06, 3, '2023-01-11', 2, 3, '2023-04-04', 1),
(422, 862900968, 731, 15618.7, 1, '2023-01-13', 3, 2, '2023-03-04', 2),
(423, 900846907, 454, 10630.4, 3, '2023-03-31', 2, 2, '2023-06-17', 1),
(424, 698928198, 76, 10857.9, 1, '2023-03-12', 2, 1, '2023-06-30', 1),
(425, 515612276, 16, 12886.8, 1, '2023-05-19', 1, 2, '2023-01-08', 2),
(426, 495317621, 851, 9148.93, 1, '2023-02-28', 2, 1, '2023-06-24', 2),
(427, 920433795, 206, 8454.59, 2, '2023-01-30', 1, 1, '2023-03-30', 1),
(428, 774231693, 478, 11229.8, 2, '2023-01-18', 2, 1, '2023-05-04', 1),
(429, 121194718, 772, 5435.47, 2, '2023-04-15', 2, 3, '2023-04-27', 2),
(430, 892819083, 424, 10760.6, 1, '2023-05-06', 3, 1, '2023-05-01', 2),
(431, 275912508, 804, 6023.3, 3, '2023-05-26', 2, 1, '2023-02-01', 1),
(432, 279904646, 749, 14309.6, 2, '2023-04-22', 3, 1, '2023-03-01', 2),
(433, 311583663, 332, 4246.72, 1, '2023-05-09', 2, 3, '2023-04-05', 1),
(434, 387567225, 412, 14782.4, 2, '2023-01-30', 2, 1, '2023-06-27', 2),
(435, 395840056, 64, 14068.1, 3, '2023-02-08', 2, 3, '2023-06-29', 2),
(436, 93853925, 84, 3573.04, 1, '2023-04-11', 1, 1, '2023-04-23', 1),
(437, 615716913, 226, 5882.58, 3, '2023-01-01', 3, 3, '2023-01-14', 1),
(438, 538585037, 880, 14654.9, 2, '2023-02-15', 1, 3, '2023-06-13', 2),
(439, 388434715, 720, 4251.46, 1, '2023-01-16', 2, 1, '2023-01-29', 1),
(440, 741697541, 959, 12633.2, 1, '2023-06-26', 3, 3, '2023-02-07', 1),
(441, 425746619, 635, 8857.98, 2, '2023-04-09', 2, 2, '2023-03-13', 2),
(442, 779639151, 299, 11467.2, 3, '2023-04-06', 3, 2, '2023-06-09', 1),
(443, 21603331, 590, 14391.8, 2, '2023-06-30', 3, 2, '2023-03-24', 2),
(444, 80124045, 50, 7571.67, 3, '2023-05-22', 2, 2, '2023-04-21', 2),
(445, 270947712, 479, 4048.53, 1, '2023-05-04', 1, 3, '2023-04-22', 2),
(446, 832564544, 247, 15160.7, 2, '2023-03-21', 1, 2, '2023-06-28', 2),
(447, 354279493, 798, 10239.8, 1, '2023-04-05', 3, 2, '2023-03-22', 1),
(448, 332081742, 247, 6450.1, 2, '2023-06-08', 2, 3, '2023-02-09', 1),
(449, 203297232, 839, 13204.2, 2, '2023-02-27', 3, 3, '2023-03-05', 1),
(450, 773479390, 455, 11632.4, 2, '2023-05-25', 1, 2, '2023-03-16', 1),
(451, 72262552, 758, 10124, 1, '2023-04-18', 1, 1, '2023-05-17', 1),
(452, 631990316, 425, 4810.99, 1, '2023-02-20', 3, 1, '2023-06-20', 1),
(453, 869612654, 850, 15893, 2, '2023-05-02', 3, 2, '2023-02-16', 1),
(454, 733704970, 975, 9467.99, 3, '2023-01-13', 2, 1, '2023-03-28', 2),
(455, 362240330, 325, 7802.32, 2, '2023-04-07', 1, 3, '2023-05-31', 1),
(456, 884589072, 698, 5216.84, 1, '2023-01-01', 3, 3, '2023-05-17', 1),
(457, 839649330, 514, 4355.29, 3, '2023-01-31', 1, 3, '2023-03-02', 2),
(458, 273792473, 475, 16629.4, 1, '2023-02-03', 1, 1, '2023-05-12', 2),
(459, 997426295, 832, 15247.6, 1, '2023-06-08', 3, 3, '2023-04-05', 2),
(460, 383403032, 737, 13586.2, 3, '2023-04-26', 1, 1, '2023-04-04', 1),
(461, 792973915, 187, 3629.1, 2, '2023-03-21', 1, 2, '2023-03-30', 1),
(462, 888503766, 723, 13213.2, 1, '2023-05-07', 3, 2, '2023-01-22', 1),
(463, 161519674, 52, 7608.58, 2, '2023-03-01', 2, 3, '2023-02-25', 2),
(464, 141449745, 93, 8550.9, 1, '2023-02-16', 1, 2, '2023-01-06', 2),
(465, 426098196, 309, 13746.4, 2, '2023-05-10', 2, 1, '2023-02-10', 1),
(466, 192977415, 264, 8642.61, 2, '2023-03-19', 2, 3, '2023-06-25', 2),
(467, 302097617, 394, 8077.95, 2, '2023-06-17', 1, 3, '2023-02-08', 1),
(468, 857401851, 175, 6595.28, 1, '2023-03-06', 3, 1, '2023-02-21', 2),
(469, 376376899, 694, 11916.7, 1, '2023-04-10', 1, 2, '2023-02-20', 1),
(470, 824697378, 944, 11706.3, 2, '2023-04-29', 3, 2, '2023-03-30', 1),
(471, 312660561, 640, 10794.4, 1, '2023-06-17', 2, 2, '2023-03-19', 1),
(472, 667075084, 364, 10065, 3, '2023-06-22', 1, 3, '2023-01-13', 1),
(473, 538109867, 902, 5168.41, 3, '2023-03-15', 2, 1, '2023-02-08', 1),
(474, 316803074, 416, 7737.94, 3, '2023-04-26', 3, 3, '2023-03-03', 1),
(475, 61766134, 372, 12013.4, 3, '2023-01-02', 2, 3, '2023-02-15', 1),
(476, 193772463, 614, 14495.4, 2, '2023-06-20', 1, 2, '2023-04-26', 2),
(477, 629997193, 952, 10268, 2, '2023-04-14', 3, 2, '2023-04-27', 1),
(478, 454880317, 918, 13841.2, 3, '2023-06-27', 2, 1, '2023-06-12', 1),
(479, 119996966, 735, 6297.39, 1, '2023-02-14', 2, 2, '2023-04-08', 1),
(480, 936525405, 920, 15129.2, 3, '2023-06-04', 2, 2, '2023-03-01', 2),
(481, 745830156, 393, 15810.4, 1, '2023-04-24', 2, 3, '2023-05-01', 2),
(482, 156053248, 205, 4004.26, 2, '2023-01-17', 3, 3, '2023-02-15', 1),
(483, 243321517, 848, 10795.3, 2, '2023-03-29', 1, 3, '2023-03-24', 2),
(484, 260895141, 621, 8803.52, 3, '2023-06-03', 2, 3, '2023-03-08', 1),
(485, 992746019, 564, 4571.92, 2, '2023-01-30', 2, 1, '2023-03-04', 1),
(486, 656833802, 953, 11761.4, 2, '2023-04-30', 3, 1, '2023-06-06', 1),
(487, 870603916, 75, 12728.8, 2, '2023-06-05', 2, 3, '2023-04-25', 1),
(488, 40827750, 513, 15635.7, 1, '2023-05-23', 3, 1, '2023-03-13', 2),
(489, 658307230, 342, 13408.8, 1, '2023-01-10', 1, 2, '2023-01-17', 2),
(490, 756297570, 170, 8563.78, 2, '2023-05-26', 2, 1, '2023-03-14', 2),
(491, 934032194, 823, 6089.52, 3, '2023-01-10', 1, 3, '2023-01-09', 1),
(492, 788244817, 603, 13741.8, 2, '2023-03-14', 3, 3, '2023-03-20', 1),
(493, 359558932, 548, 7205.89, 3, '2023-01-06', 2, 1, '2023-03-08', 1),
(494, 88736368, 930, 15792.9, 2, '2023-03-18', 2, 3, '2023-03-04', 1),
(495, 408160383, 4, 8686.41, 3, '2023-03-15', 3, 3, '2023-01-12', 2),
(496, 460531973, 231, 5476.84, 2, '2023-06-19', 3, 2, '2023-05-24', 1),
(497, 395243277, 144, 8308.82, 2, '2023-05-07', 2, 3, '2023-05-22', 1),
(498, 167268546, 24, 13138.3, 2, '2023-04-17', 3, 2, '2023-02-17', 1),
(499, 22391831, 689, 4747.87, 3, '2023-02-25', 2, 1, '2023-05-23', 1),
(500, 965419037, 371, 7030.31, 2, '2023-05-18', 2, 3, '2023-03-21', 2),
(501, 236146434, 789, 12741.3, 1, '2023-06-26', 1, 2, '2023-05-31', 2),
(502, 609772624, 831, 3978.31, 1, '2023-01-24', 1, 1, '2023-01-05', 2),
(503, 839721493, 789, 15867.4, 3, '2023-04-06', 3, 1, '2023-04-10', 1),
(504, 762426218, 452, 12814.9, 1, '2023-02-24', 2, 1, '2023-04-03', 1),
(505, 899206873, 893, 15615.7, 2, '2023-01-10', 3, 2, '2023-02-02', 1),
(506, 580537194, 107, 6278.75, 3, '2023-05-21', 2, 2, '2023-05-28', 1),
(507, 602464956, 854, 6979.84, 3, '2023-03-29', 3, 3, '2023-06-11', 1),
(508, 973718149, 951, 13657.2, 1, '2023-02-07', 1, 3, '2023-02-06', 2),
(509, 704951706, 191, 4975.22, 2, '2023-02-13', 1, 2, '2023-06-14', 2),
(510, 858824519, 101, 7358.76, 3, '2023-04-20', 3, 1, '2023-06-13', 2),
(511, 760450692, 934, 14186.9, 1, '2023-05-13', 2, 3, '2023-04-06', 2),
(512, 642888209, 364, 14942, 3, '2023-03-28', 1, 1, '2023-04-19', 1),
(513, 406668129, 17, 7132.28, 2, '2023-06-11', 3, 1, '2023-03-13', 1),
(514, 887086437, 992, 8254.45, 3, '2023-05-16', 3, 1, '2023-05-14', 2),
(515, 443909302, 908, 8803.44, 3, '2023-06-03', 1, 3, '2023-03-23', 1),
(516, 189665272, 563, 6965.87, 3, '2023-05-14', 2, 2, '2023-04-08', 2),
(517, 447812719, 91, 14877.8, 1, '2023-01-11', 1, 2, '2023-02-21', 1),
(518, 222860489, 766, 7299.56, 3, '2023-06-05', 2, 2, '2023-05-08', 2),
(519, 408249730, 557, 16114, 1, '2023-02-23', 2, 1, '2023-04-23', 2),
(520, 841963741, 484, 11051.1, 1, '2023-04-26', 2, 2, '2023-04-15', 1),
(521, 493892912, 751, 10133.2, 2, '2023-06-25', 1, 2, '2023-04-29', 1),
(522, 56176948, 303, 14305.9, 2, '2023-01-28', 1, 3, '2023-01-26', 1),
(523, 202357798, 263, 12014.2, 2, '2023-06-06', 1, 1, '2023-04-09', 2),
(524, 60212195, 403, 16456.9, 3, '2023-01-19', 1, 3, '2023-03-25', 1),
(525, 878895837, 225, 12655.4, 3, '2023-01-24', 1, 3, '2023-05-22', 1),
(526, 448590934, 916, 16056, 2, '2023-03-16', 2, 3, '2023-04-26', 1),
(527, 131820339, 905, 11973.3, 2, '2023-06-15', 1, 2, '2023-06-10', 1),
(528, 890197567, 778, 5314.84, 1, '2023-05-11', 2, 3, '2023-05-07', 1),
(529, 207628182, 175, 5156.84, 2, '2023-06-25', 2, 3, '2023-04-12', 2),
(530, 314098905, 538, 11566.2, 3, '2023-02-04', 2, 2, '2023-05-30', 2),
(531, 31089934, 167, 10063.6, 3, '2023-04-19', 2, 3, '2023-04-07', 2),
(532, 604838049, 221, 13050.8, 1, '2023-03-04', 3, 1, '2023-04-02', 1),
(533, 586208363, 602, 13184.7, 2, '2023-03-19', 1, 2, '2023-05-03', 1),
(534, 390561028, 346, 10434.6, 1, '2023-06-23', 3, 1, '2023-05-02', 1),
(535, 22417276, 926, 9146.1, 2, '2023-05-23', 1, 2, '2023-01-20', 1),
(536, 428918030, 590, 16695.9, 1, '2023-06-09', 3, 1, '2023-03-31', 1),
(537, 30998889, 170, 13755.6, 3, '2023-03-03', 1, 3, '2023-04-08', 2),
(538, 809019983, 81, 11733.8, 3, '2023-04-17', 1, 3, '2023-02-07', 1),
(539, 335256266, 895, 15243.2, 2, '2023-04-08', 2, 2, '2023-06-05', 1),
(540, 551009569, 229, 4608.22, 1, '2023-05-14', 3, 1, '2023-02-19', 2),
(541, 903252938, 461, 12274.6, 1, '2023-03-17', 1, 2, '2023-03-06', 2),
(542, 46999924, 618, 11452.4, 2, '2023-01-16', 3, 1, '2023-02-22', 1),
(543, 386615495, 707, 6877.14, 3, '2023-03-15', 3, 3, '2023-01-15', 2),
(544, 595266839, 679, 7061.97, 2, '2023-05-29', 1, 3, '2023-05-03', 2),
(545, 870478837, 275, 15833.9, 1, '2023-06-28', 3, 3, '2023-02-25', 2),
(546, 856534854, 339, 8972.6, 2, '2023-03-23', 3, 1, '2023-01-16', 1),
(547, 494947223, 867, 9320.46, 2, '2023-02-11', 1, 1, '2023-04-24', 2),
(548, 565141408, 318, 8480.64, 1, '2023-06-27', 2, 2, '2023-04-07', 1),
(549, 910859446, 988, 7939.19, 2, '2023-05-16', 1, 2, '2023-02-12', 1),
(550, 553684605, 984, 13550.4, 3, '2023-03-23', 2, 3, '2023-01-20', 1),
(551, 501303612, 957, 6549.49, 3, '2023-03-21', 3, 3, '2023-04-03', 2),
(552, 457264172, 833, 14647.7, 2, '2023-02-05', 1, 1, '2023-06-23', 2),
(553, 602282754, 292, 9609.79, 3, '2023-05-30', 1, 1, '2023-01-28', 1),
(554, 227357610, 959, 9456.22, 3, '2023-03-17', 3, 1, '2023-04-06', 2),
(555, 406092931, 922, 10554.5, 3, '2023-05-03', 2, 3, '2023-05-05', 1),
(556, 606318408, 732, 13966.4, 1, '2023-04-09', 1, 1, '2023-05-23', 2),
(557, 372539111, 893, 9055.95, 3, '2023-05-16', 2, 3, '2023-03-27', 1),
(558, 111024496, 268, 15086, 2, '2023-03-08', 1, 2, '2023-03-01', 2),
(559, 327984323, 662, 13990.1, 3, '2023-04-30', 2, 3, '2023-04-17', 1),
(560, 268037603, 503, 7277.91, 2, '2023-06-18', 2, 1, '2023-03-14', 2),
(561, 335680035, 530, 12533, 2, '2023-03-07', 3, 2, '2023-04-07', 2),
(562, 400839306, 140, 10730.3, 1, '2023-02-05', 1, 1, '2023-03-11', 2),
(563, 931696042, 109, 11480, 1, '2023-03-17', 1, 2, '2023-01-24', 2),
(564, 97411868, 126, 12425.5, 3, '2023-04-28', 2, 1, '2023-02-07', 2),
(565, 935011784, 302, 9538.08, 2, '2023-01-04', 1, 2, '2023-04-13', 1),
(566, 180815524, 130, 6218.17, 3, '2023-06-25', 3, 1, '2023-03-30', 2),
(567, 327693726, 745, 11570.7, 3, '2023-04-22', 2, 1, '2023-04-19', 2),
(568, 264196726, 334, 15290.7, 3, '2023-01-20', 3, 1, '2023-05-14', 1),
(569, 393761848, 434, 16543.2, 3, '2023-03-28', 3, 3, '2023-02-01', 2),
(570, 410211425, 168, 7571.87, 1, '2023-03-24', 2, 2, '2023-04-08', 1),
(571, 534304975, 536, 14994.9, 2, '2023-05-20', 1, 1, '2023-02-09', 1),
(572, 630078060, 176, 6285.24, 1, '2023-01-08', 3, 2, '2023-01-15', 1),
(573, 644214126, 273, 8153.81, 2, '2023-04-25', 3, 2, '2023-02-18', 1),
(574, 731871673, 837, 15849.2, 3, '2023-03-21', 1, 2, '2023-05-15', 2),
(575, 938026786, 365, 7774.22, 1, '2023-03-21', 3, 3, '2023-04-09', 1),
(576, 676654328, 315, 12710.7, 1, '2023-02-19', 3, 3, '2023-06-06', 1),
(577, 999326499, 476, 12873.6, 1, '2023-01-27', 3, 2, '2023-06-09', 2),
(578, 675663708, 438, 3886.97, 2, '2023-02-25', 3, 1, '2023-03-27', 1),
(579, 712157373, 761, 8223.74, 3, '2023-01-09', 2, 1, '2023-02-14', 1),
(580, 290288177, 489, 15506.2, 3, '2023-01-26', 3, 2, '2023-05-21', 2),
(581, 325992200, 164, 13321.8, 2, '2023-04-26', 1, 2, '2023-04-15', 2),
(582, 819968851, 350, 5265.85, 3, '2023-02-08', 1, 1, '2023-03-22', 1),
(583, 482608920, 257, 15620.3, 2, '2023-06-12', 1, 3, '2023-05-02', 2),
(584, 910636182, 234, 16470.5, 1, '2023-04-23', 3, 2, '2023-03-26', 2),
(585, 937732127, 399, 3755.62, 2, '2023-06-25', 3, 3, '2023-03-01', 1),
(586, 566344235, 294, 6677.5, 2, '2023-05-17', 3, 1, '2023-01-26', 1),
(587, 868705383, 273, 11091.4, 1, '2023-02-09', 2, 1, '2023-01-06', 1),
(588, 154870742, 484, 4647.41, 1, '2023-04-24', 2, 1, '2023-05-29', 1),
(589, 625673240, 597, 7741.82, 1, '2023-05-01', 1, 2, '2023-06-04', 2),
(590, 76640874, 533, 6723.05, 3, '2023-05-30', 3, 2, '2023-05-23', 1),
(591, 195165148, 875, 10940.7, 2, '2023-02-23', 2, 2, '2023-01-17', 2),
(592, 552183028, 775, 5058.4, 3, '2023-01-20', 3, 3, '2023-05-03', 1),
(593, 87707889, 249, 13707.5, 2, '2023-01-17', 1, 2, '2023-02-22', 1),
(594, 500861622, 919, 7024.69, 1, '2023-01-14', 1, 2, '2023-06-16', 1),
(595, 657119104, 847, 12074.1, 3, '2023-05-08', 1, 1, '2023-01-17', 2),
(596, 829968758, 479, 10558.3, 3, '2023-01-06', 3, 2, '2023-05-08', 1),
(597, 100669175, 855, 16590.8, 2, '2023-03-01', 1, 2, '2023-04-04', 1),
(598, 617908726, 834, 5345.49, 2, '2023-02-15', 1, 1, '2023-04-17', 2),
(599, 49057983, 608, 9823.81, 2, '2023-06-14', 3, 3, '2023-05-30', 1),
(600, 305042154, 535, 10360.4, 1, '2023-02-10', 1, 2, '2023-05-21', 2),
(601, 240326953, 852, 16178.1, 1, '2023-02-12', 3, 2, '2023-01-25', 1),
(602, 145520202, 652, 14241.6, 2, '2023-05-07', 3, 2, '2023-04-24', 2),
(603, 138044230, 706, 6311.84, 1, '2023-03-07', 2, 1, '2023-04-30', 2),
(604, 985972858, 571, 9849.59, 1, '2023-03-12', 2, 1, '2023-06-16', 1),
(605, 191510229, 738, 5705.3, 1, '2023-06-09', 3, 2, '2023-05-17', 1),
(606, 253854793, 978, 16511.8, 1, '2023-06-28', 2, 1, '2023-01-23', 2),
(607, 54508250, 674, 8457.62, 3, '2023-05-24', 1, 3, '2023-03-14', 1),
(608, 133606725, 437, 16037.7, 2, '2023-02-06', 2, 1, '2023-01-21', 2),
(609, 893466066, 160, 5016.03, 2, '2023-04-29', 3, 2, '2023-03-12', 1),
(610, 374828473, 487, 9842.49, 1, '2023-06-19', 3, 2, '2023-03-18', 2),
(611, 524375693, 958, 15819, 2, '2023-04-22', 2, 3, '2023-06-25', 2),
(612, 457847575, 329, 15080.5, 3, '2023-06-11', 2, 2, '2023-03-30', 1),
(613, 420704191, 770, 15348, 2, '2023-01-03', 1, 1, '2023-02-18', 1),
(614, 59255986, 861, 14861.9, 2, '2023-06-17', 2, 1, '2023-01-23', 2),
(615, 519355782, 996, 11027.4, 1, '2023-01-13', 1, 3, '2023-02-21', 1),
(616, 254675484, 398, 8733.66, 1, '2023-02-12', 1, 2, '2023-01-31', 1),
(617, 661178392, 999, 14706.4, 1, '2023-05-05', 3, 1, '2023-04-10', 2),
(618, 703449717, 803, 8043.96, 1, '2023-04-08', 2, 1, '2023-04-06', 2),
(619, 823359397, 18, 8468.2, 2, '2023-01-24', 3, 3, '2023-03-09', 2),
(620, 438918365, 679, 4926.59, 3, '2023-05-28', 3, 2, '2023-04-26', 1),
(621, 506059287, 340, 10564.9, 1, '2023-03-09', 3, 3, '2023-05-23', 1),
(622, 715237343, 662, 3954.89, 1, '2023-05-22', 3, 3, '2023-02-27', 1),
(623, 504760, 291, 15148.9, 3, '2023-03-21', 3, 3, '2023-01-08', 1),
(624, 686596882, 469, 14389.8, 1, '2023-05-04', 3, 3, '2023-03-10', 2),
(625, 285034575, 471, 10661.1, 1, '2023-02-17', 2, 3, '2023-02-24', 2),
(626, 175816265, 947, 14156.2, 1, '2023-02-07', 3, 1, '2023-05-14', 1),
(627, 535271105, 324, 4196.55, 2, '2023-03-04', 2, 2, '2023-02-17', 2),
(628, 360199687, 775, 8006.38, 1, '2023-05-03', 3, 3, '2023-01-09', 2),
(629, 977006804, 905, 15817.4, 3, '2023-03-11', 3, 2, '2023-04-17', 2),
(630, 528990337, 199, 9245.47, 3, '2023-02-10', 3, 2, '2023-05-30', 2),
(631, 958001142, 280, 3908.15, 2, '2023-06-19', 3, 2, '2023-05-05', 1),
(632, 705281307, 803, 10789.2, 1, '2023-01-09', 1, 3, '2023-04-03', 2),
(633, 689126144, 174, 11071.9, 1, '2023-06-26', 1, 2, '2023-04-27', 2),
(634, 476299195, 460, 15857.6, 2, '2023-05-25', 1, 3, '2023-05-20', 2),
(635, 473282626, 778, 13173.7, 2, '2023-01-11', 2, 3, '2023-03-30', 2),
(636, 629224875, 508, 9107.24, 2, '2023-01-21', 1, 1, '2023-02-08', 2),
(637, 464699561, 206, 13233.2, 2, '2023-06-28', 2, 1, '2023-02-05', 2),
(638, 169644228, 508, 16041, 1, '2023-08-09', 1, 3, '2023-07-13', 2),
(639, 824228836, 919, 4422.91, 2, '2023-08-10', 1, 2, '2023-09-02', 2),
(640, 26878555, 72, 14052.4, 2, '2023-10-02', 2, 1, '2023-09-06', 1),
(641, 903604811, 602, 5956.38, 3, '2023-10-11', 1, 2, '2023-08-23', 1),
(642, 345508600, 792, 4165.77, 2, '2023-09-21', 2, 3, '2023-10-29', 2),
(643, 512265596, 155, 11621.9, 2, '2023-08-02', 2, 1, '2023-09-01', 1),
(644, 379954453, 397, 12376.3, 3, '2023-11-05', 3, 1, '2023-09-11', 2),
(645, 558963246, 521, 3859.71, 1, '2023-07-03', 1, 3, '2023-12-02', 2),
(646, 794028369, 415, 8425.28, 1, '2023-10-12', 2, 2, '2023-07-17', 1),
(647, 95576974, 509, 9488.45, 1, '2023-12-08', 1, 2, '2023-09-25', 1),
(648, 366793530, 299, 13392.7, 3, '2023-11-29', 2, 3, '2023-07-30', 1),
(649, 610650800, 969, 13304.6, 3, '2023-08-17', 2, 2, '2023-12-20', 2),
(650, 136552099, 947, 15524.1, 2, '2023-11-07', 2, 3, '2023-12-27', 1),
(651, 183563178, 826, 4350.42, 2, '2023-07-02', 2, 3, '2023-12-28', 2),
(652, 943028817, 288, 12272.6, 3, '2023-10-01', 2, 2, '2023-11-27', 2),
(653, 518771950, 962, 8082.27, 2, '2023-12-18', 2, 3, '2023-12-09', 1),
(654, 975032541, 946, 14821.8, 3, '2023-12-23', 2, 3, '2023-10-06', 2),
(655, 253725176, 843, 15398.7, 1, '2023-12-28', 1, 1, '2023-08-01', 2),
(656, 410613773, 378, 8834.62, 1, '2023-11-14', 2, 2, '2023-12-08', 1),
(657, 94355221, 358, 11440.1, 3, '2023-07-09', 1, 1, '2023-10-15', 2),
(658, 904706602, 658, 11742, 3, '2023-09-06', 1, 2, '2023-09-23', 2),
(659, 365273074, 216, 13033.6, 1, '2023-12-12', 1, 3, '2023-07-14', 1),
(660, 521267456, 104, 16639.2, 2, '2023-10-05', 3, 3, '2023-09-25', 1),
(661, 415978323, 873, 6578.03, 3, '2023-10-08', 3, 1, '2023-11-15', 2),
(662, 228934434, 53, 8372.23, 1, '2023-10-17', 1, 3, '2023-09-06', 2),
(663, 15374180, 643, 5096.26, 2, '2023-09-22', 2, 2, '2023-11-28', 2),
(664, 323299494, 58, 11244, 1, '2023-09-27', 3, 2, '2023-09-10', 2),
(665, 342914265, 360, 12259.8, 1, '2023-07-17', 1, 3, '2023-08-05', 1),
(666, 277566467, 624, 11059.8, 1, '2023-12-21', 1, 2, '2023-11-19', 1),
(667, 671493810, 41, 8933.28, 2, '2023-07-25', 3, 3, '2023-11-30', 2),
(668, 379889477, 331, 10908.3, 3, '2023-11-14', 3, 1, '2023-10-22', 1),
(669, 378265651, 533, 15611.6, 1, '2023-07-28', 2, 2, '2023-10-20', 1),
(670, 477452953, 672, 7841.53, 2, '2023-12-09', 2, 3, '2023-09-19', 2),
(671, 61797722, 759, 4773.3, 3, '2023-10-30', 3, 1, '2023-12-20', 2),
(672, 357898773, 779, 5102.77, 3, '2023-10-02', 2, 2, '2023-10-21', 2),
(673, 287007090, 618, 4191, 1, '2023-08-20', 1, 1, '2023-07-24', 1),
(674, 480156100, 754, 7885.74, 3, '2023-12-13', 2, 1, '2023-11-29', 2),
(675, 715580078, 912, 9599.94, 1, '2023-10-22', 1, 3, '2023-09-15', 2),
(676, 649256024, 300, 15990.3, 1, '2023-12-04', 3, 1, '2023-11-01', 2),
(677, 479523968, 764, 11626.5, 2, '2023-10-30', 3, 1, '2023-11-08', 2),
(678, 132743714, 921, 15601.3, 2, '2023-08-02', 2, 2, '2023-09-09', 1),
(679, 394200414, 309, 15093.9, 2, '2023-12-13', 2, 1, '2023-09-16', 2),
(680, 374601451, 783, 7512.34, 3, '2023-11-19', 2, 3, '2023-11-05', 1),
(681, 60244839, 986, 11658.4, 1, '2023-07-26', 1, 3, '2023-12-09', 1),
(682, 171750977, 583, 5947.34, 2, '2023-11-27', 2, 2, '2023-10-04', 1),
(683, 961576385, 954, 4642.39, 2, '2023-09-25', 1, 2, '2023-10-26', 2),
(684, 829978243, 23, 5902.45, 1, '2023-11-21', 3, 3, '2023-09-15', 1),
(685, 119080110, 252, 4330.89, 2, '2023-12-01', 3, 2, '2023-11-15', 2),
(686, 459356596, 192, 15534.7, 3, '2023-08-25', 1, 2, '2023-07-25', 1),
(687, 539212017, 201, 14637.1, 1, '2023-07-04', 1, 1, '2023-11-18', 1),
(688, 562061938, 430, 6900.11, 3, '2023-10-04', 1, 2, '2023-08-26', 1),
(689, 245562421, 546, 9279.23, 2, '2023-08-19', 2, 1, '2023-08-15', 1),
(690, 7198925, 440, 15555.4, 1, '2023-09-22', 3, 3, '2023-10-17', 2),
(691, 505974985, 562, 4358.65, 2, '2023-08-25', 1, 3, '2023-08-02', 2),
(692, 45639755, 487, 7378.43, 2, '2023-09-02', 2, 1, '2023-09-04', 1),
(693, 6283190, 752, 7883.3, 2, '2023-07-07', 3, 3, '2023-07-18', 1),
(694, 126111287, 296, 7137.83, 2, '2023-11-01', 1, 3, '2023-09-02', 2),
(695, 786621469, 224, 13040.9, 3, '2023-12-14', 3, 1, '2023-10-08', 1),
(696, 449814904, 234, 5581.53, 1, '2023-11-28', 3, 1, '2023-07-01', 2),
(697, 375553866, 494, 8539.26, 1, '2023-08-29', 2, 1, '2023-07-09', 1),
(698, 286601723, 769, 5720.98, 3, '2023-07-12', 1, 3, '2023-12-24', 1),
(699, 132382165, 364, 12066.4, 3, '2023-10-09', 3, 1, '2023-12-27', 2),
(700, 663556449, 512, 3500.06, 3, '2023-07-13', 3, 1, '2023-10-29', 1),
(701, 212930110, 469, 9509.43, 3, '2023-09-06', 3, 3, '2023-10-01', 2),
(702, 348739200, 807, 16573, 1, '2023-08-17', 1, 2, '2023-07-26', 1),
(703, 998266493, 626, 15628.3, 1, '2023-08-20', 1, 3, '2023-07-17', 1),
(704, 324787565, 708, 12182.4, 1, '2023-12-19', 1, 1, '2023-07-13', 1),
(705, 445777671, 663, 16701, 2, '2023-11-05', 3, 1, '2023-09-01', 2),
(706, 399565547, 188, 16574.8, 1, '2023-10-08', 3, 2, '2023-09-23', 1),
(707, 664300576, 953, 14842.7, 2, '2023-08-28', 1, 2, '2023-11-11', 1),
(708, 587852117, 200, 6583.13, 2, '2023-08-11', 2, 3, '2023-07-07', 1),
(709, 937008326, 143, 14215.3, 1, '2023-07-09', 2, 3, '2023-11-26', 2),
(710, 581489908, 111, 10974.2, 1, '2023-09-02', 1, 3, '2023-11-30', 1),
(711, 806156182, 125, 10738.9, 1, '2023-12-26', 3, 1, '2023-08-03', 2),
(712, 655379225, 294, 7992.94, 1, '2023-07-31', 2, 3, '2023-07-28', 2),
(713, 691774413, 93, 10285.7, 1, '2023-10-22', 1, 1, '2023-10-04', 1),
(714, 252468526, 583, 9388.44, 3, '2023-08-30', 1, 3, '2023-12-12', 1),
(715, 830060464, 634, 9370.69, 1, '2023-07-25', 1, 2, '2023-09-15', 1),
(716, 684867891, 424, 11835.1, 3, '2023-07-15', 3, 2, '2023-11-10', 1);
INSERT INTO `transaction` (`id`, `transaction_number`, `customer_id`, `amount`, `transaction_type`, `transaction_date`, `transaction_status`, `payment_method`, `payment_date`, `division`) VALUES
(717, 610379443, 214, 5514, 1, '2023-10-24', 1, 1, '2023-11-24', 1),
(718, 889481772, 797, 4270.72, 1, '2023-07-16', 2, 1, '2023-10-19', 1),
(719, 257582290, 344, 8607.97, 3, '2023-08-23', 2, 3, '2023-12-30', 2),
(720, 870905614, 330, 5786.17, 2, '2023-11-11', 2, 1, '2023-07-22', 2),
(721, 992498489, 615, 16606.2, 3, '2023-08-16', 3, 3, '2023-11-08', 1),
(722, 891894750, 84, 5617.28, 3, '2023-10-29', 3, 3, '2023-09-26', 2),
(723, 71104818, 575, 8843.04, 1, '2023-09-09', 1, 1, '2023-09-03', 2),
(724, 591481264, 624, 5055.37, 3, '2023-08-08', 2, 3, '2023-10-24', 1),
(725, 463185122, 392, 10522.8, 3, '2023-07-07', 1, 1, '2023-08-19', 2),
(726, 236944016, 91, 11710.7, 1, '2023-07-11', 1, 2, '2023-09-08', 2),
(727, 522284357, 275, 15168.6, 2, '2023-09-19', 3, 3, '2023-10-25', 1),
(728, 409874569, 103, 7429.52, 1, '2023-10-20', 2, 3, '2023-12-24', 1),
(729, 804827543, 690, 8985.01, 3, '2023-12-26', 2, 2, '2023-12-26', 1),
(730, 43847464, 139, 13226.7, 2, '2023-07-20', 3, 3, '2023-07-08', 2),
(731, 760308210, 625, 13429.1, 2, '2023-07-09', 3, 1, '2023-09-15', 1),
(732, 313776657, 710, 15226.4, 3, '2023-07-16', 1, 3, '2023-08-19', 2),
(733, 952620584, 671, 12405.2, 1, '2023-07-10', 1, 2, '2023-11-05', 2),
(734, 551249573, 227, 9919.67, 3, '2023-08-12', 3, 2, '2023-07-26', 1),
(735, 524854477, 121, 13508.4, 2, '2023-09-18', 3, 1, '2023-09-30', 1),
(736, 991298394, 925, 15817, 3, '2023-07-13', 1, 3, '2023-11-20', 1),
(737, 857795441, 261, 7849.67, 1, '2023-08-14', 1, 1, '2023-11-25', 1),
(738, 55592693, 528, 12366.9, 3, '2023-11-16', 3, 3, '2023-07-23', 2),
(739, 816591685, 859, 12104.5, 1, '2023-10-30', 1, 2, '2023-11-07', 1),
(740, 918341635, 710, 12855, 1, '2023-09-11', 2, 3, '2023-12-20', 1),
(741, 802073421, 974, 9460.46, 3, '2023-09-01', 2, 1, '2023-11-22', 1),
(742, 845673224, 736, 8981.73, 3, '2023-09-18', 1, 3, '2023-07-22', 1),
(743, 80307673, 759, 5087.2, 3, '2023-09-05', 3, 1, '2023-12-12', 2),
(744, 240805460, 586, 11076.2, 2, '2023-09-09', 2, 1, '2023-07-03', 2),
(745, 608610674, 653, 14761.7, 1, '2023-11-13', 3, 3, '2023-10-26', 2),
(746, 812244823, 506, 11532.1, 3, '2023-07-11', 2, 2, '2023-11-23', 1),
(747, 943207271, 570, 14517.2, 1, '2023-09-01', 1, 1, '2023-10-27', 2),
(748, 841786592, 331, 7599.51, 3, '2023-09-21', 1, 2, '2023-07-22', 2),
(749, 870953481, 945, 6369.96, 3, '2023-08-17', 3, 3, '2023-07-23', 1),
(750, 782663612, 730, 10353.4, 3, '2023-07-16', 1, 3, '2023-08-03', 1),
(751, 535310218, 816, 15928, 1, '2023-12-22', 1, 2, '2023-09-27', 2),
(752, 351756263, 891, 16485.4, 2, '2023-07-11', 1, 1, '2023-11-08', 1),
(753, 717384132, 5, 15434.2, 3, '2023-12-28', 2, 2, '2023-07-04', 1),
(754, 802187961, 351, 11712.3, 1, '2023-11-19', 2, 2, '2023-11-10', 2),
(755, 409011702, 740, 13788.4, 1, '2023-07-04', 3, 3, '2023-09-21', 1),
(756, 755995772, 648, 16005.6, 1, '2023-11-12', 2, 3, '2023-09-18', 2),
(757, 748003910, 18, 3627.91, 2, '2023-12-15', 2, 1, '2023-11-13', 1),
(758, 4775183, 144, 12047.6, 1, '2023-12-31', 3, 3, '2023-10-01', 2),
(759, 556555551, 666, 12830.7, 1, '2023-09-16', 2, 1, '2023-10-06', 2),
(760, 461423033, 896, 12078.4, 2, '2023-12-12', 1, 1, '2023-11-25', 1),
(761, 337090021, 484, 13334.8, 2, '2023-07-01', 1, 3, '2023-10-28', 2),
(762, 415201795, 730, 8211.02, 1, '2023-11-08', 1, 2, '2023-07-08', 1),
(763, 618260018, 197, 7142.44, 1, '2023-10-21', 1, 3, '2023-10-07', 1),
(764, 622777312, 796, 12009.5, 3, '2023-08-06', 1, 2, '2023-07-30', 1),
(765, 969606133, 386, 5103.8, 2, '2023-07-03', 2, 3, '2023-10-08', 1),
(766, 127110355, 543, 5388, 2, '2023-09-08', 1, 2, '2023-08-31', 2),
(767, 755846728, 556, 9254.73, 3, '2023-10-14', 2, 3, '2023-11-20', 1),
(768, 312654647, 150, 7378.76, 3, '2023-12-02', 3, 2, '2023-12-28', 2),
(769, 558303747, 83, 9704.79, 2, '2023-11-12', 3, 2, '2023-09-08', 1),
(770, 820459512, 964, 3768.2, 3, '2023-11-13', 2, 1, '2023-09-21', 2),
(771, 125946659, 569, 13658.6, 3, '2023-07-15', 3, 1, '2023-08-28', 1),
(772, 18380605, 955, 13059.8, 3, '2023-11-06', 2, 3, '2023-11-21', 2),
(773, 735192094, 66, 12898.6, 3, '2023-07-21', 2, 3, '2023-08-16', 2),
(774, 458099226, 466, 4866.5, 2, '2023-08-22', 3, 1, '2023-09-04', 1),
(775, 748861012, 131, 14787.1, 3, '2023-12-23', 1, 1, '2023-09-10', 1),
(776, 73299977, 258, 7441.36, 2, '2023-11-26', 3, 1, '2023-09-22', 2),
(777, 104540076, 896, 15287.5, 2, '2023-11-12', 2, 2, '2023-10-05', 1),
(778, 860474149, 704, 4846, 3, '2023-12-17', 1, 1, '2023-07-24', 1),
(779, 494157123, 833, 13576.3, 2, '2023-07-29', 1, 2, '2023-10-09', 1),
(780, 879381787, 53, 6023.42, 1, '2023-12-02', 1, 1, '2023-12-26', 2),
(781, 723048070, 764, 7112.4, 3, '2023-07-17', 1, 3, '2023-08-23', 1),
(782, 31701792, 661, 15468.3, 2, '2023-09-10', 1, 2, '2023-07-26', 1),
(783, 729223569, 14, 7730.2, 3, '2023-08-10', 2, 1, '2023-07-28', 1),
(784, 269021876, 87, 15905.8, 3, '2023-10-20', 3, 2, '2023-09-27', 1),
(785, 864157887, 391, 12352.2, 1, '2023-12-14', 2, 1, '2023-12-19', 2),
(786, 411525117, 694, 11203.6, 1, '2023-11-24', 3, 3, '2023-09-02', 2),
(787, 99245937, 297, 6895.73, 1, '2023-07-27', 3, 2, '2023-10-09', 2),
(788, 898170229, 404, 5845.46, 2, '2023-11-18', 2, 1, '2023-07-08', 2),
(789, 971718823, 126, 10926.5, 1, '2023-11-19', 3, 1, '2023-08-04', 2),
(790, 631925924, 419, 14298.1, 1, '2023-12-12', 1, 1, '2023-12-27', 1),
(791, 683804628, 715, 6407.43, 1, '2023-07-13', 1, 2, '2023-12-14', 1),
(792, 992142252, 316, 11702.2, 2, '2023-10-23', 3, 1, '2023-12-22', 1),
(793, 511919143, 437, 10747.3, 2, '2023-10-06', 3, 1, '2023-07-27', 1),
(794, 399831124, 237, 10099.3, 2, '2023-09-27', 2, 2, '2023-07-31', 2),
(795, 769294644, 874, 5842.96, 1, '2023-11-03', 3, 3, '2023-10-21', 1),
(796, 398279371, 660, 11267.9, 1, '2023-12-06', 1, 2, '2023-11-12', 2),
(797, 280469043, 675, 12593.9, 1, '2023-09-01', 1, 1, '2023-08-11', 1),
(798, 321453013, 393, 11876.7, 2, '2023-08-14', 3, 1, '2023-07-19', 2),
(799, 348410919, 941, 7722.27, 3, '2023-09-27', 2, 1, '2023-11-09', 2),
(800, 707283208, 524, 11603.8, 2, '2023-10-15', 1, 3, '2023-11-25', 1),
(801, 523674015, 798, 13451.7, 2, '2023-09-24', 3, 2, '2023-10-28', 2),
(802, 988246393, 416, 14923.5, 1, '2023-09-26', 2, 3, '2023-09-10', 1),
(803, 894744408, 688, 3628.54, 2, '2023-10-08', 3, 1, '2023-11-28', 2),
(804, 721370872, 191, 14902.5, 3, '2023-12-29', 1, 3, '2023-07-06', 2),
(805, 167974411, 892, 15453.7, 2, '2023-11-24', 3, 2, '2023-10-01', 2),
(806, 916459306, 884, 5463.67, 2, '2023-08-31', 1, 3, '2023-07-26', 2),
(807, 727454401, 743, 6660.87, 3, '2023-11-13', 3, 2, '2023-07-04', 1),
(808, 876092594, 61, 13454.2, 3, '2023-07-18', 2, 1, '2023-08-17', 1),
(809, 95403266, 78, 13678.6, 1, '2023-09-14', 3, 1, '2023-09-21', 1),
(810, 128465249, 208, 7480.77, 1, '2023-11-05', 1, 2, '2023-07-18', 1),
(811, 892782088, 803, 11844.1, 2, '2023-08-19', 2, 2, '2023-09-03', 1),
(812, 599050741, 390, 9161.03, 2, '2023-12-30', 3, 3, '2023-10-24', 2),
(813, 902137058, 543, 9648.21, 1, '2023-07-20', 3, 2, '2023-07-26', 1),
(814, 437520874, 545, 8962.58, 1, '2023-08-13', 1, 2, '2023-09-16', 2),
(815, 245763786, 94, 12183.6, 2, '2023-12-07', 1, 3, '2023-08-07', 1),
(816, 191672458, 834, 5457.84, 3, '2023-07-21', 2, 3, '2023-08-15', 2),
(817, 929418301, 887, 16177.4, 1, '2023-10-04', 3, 3, '2023-08-08', 2),
(818, 368048583, 934, 13539.7, 2, '2023-11-10', 2, 1, '2023-10-27', 2),
(819, 903277821, 9, 9965.17, 3, '2023-11-13', 1, 1, '2023-08-23', 1),
(820, 24533089, 243, 4061.27, 1, '2023-07-26', 1, 1, '2023-07-23', 1),
(821, 186706433, 187, 11034.8, 1, '2023-10-20', 2, 3, '2023-08-15', 1),
(822, 839203706, 205, 7593.17, 2, '2023-10-26', 2, 3, '2023-08-28', 1),
(823, 39734202, 463, 5345.12, 2, '2023-07-03', 2, 3, '2023-08-23', 1),
(824, 473751522, 698, 5526.41, 1, '2023-09-17', 2, 2, '2023-12-16', 2),
(825, 123197456, 103, 13418.8, 3, '2023-08-06', 2, 3, '2023-09-19', 2),
(826, 430291033, 419, 10354.5, 2, '2023-10-01', 2, 3, '2023-07-17', 1),
(827, 185424078, 788, 8429.98, 3, '2023-11-07', 1, 2, '2023-09-10', 1),
(828, 736636547, 679, 13298.2, 2, '2023-08-01', 2, 3, '2023-10-21', 1),
(829, 49709324, 34, 9946.52, 1, '2023-07-21', 2, 1, '2023-11-25', 1),
(830, 656808383, 131, 14957.5, 1, '2023-10-03', 1, 3, '2023-12-16', 2),
(831, 823767502, 554, 8657.62, 3, '2023-10-16', 2, 1, '2023-11-05', 1),
(832, 3137506, 377, 7876.07, 3, '2023-10-22', 1, 3, '2023-08-22', 1),
(833, 681873084, 221, 3872.04, 3, '2023-10-16', 3, 3, '2023-12-03', 1),
(834, 753089425, 975, 14940.5, 3, '2023-12-28', 2, 3, '2023-10-16', 1),
(835, 180549630, 212, 10446.4, 2, '2023-12-29', 1, 2, '2023-09-18', 1),
(836, 564402530, 132, 10439.6, 3, '2023-07-16', 3, 3, '2023-10-31', 2),
(837, 646591064, 24, 7254.33, 2, '2023-11-08', 1, 2, '2023-08-04', 1),
(838, 276776605, 722, 8257.74, 2, '2023-08-22', 3, 1, '2023-11-26', 2),
(839, 954807112, 540, 9089.05, 1, '2023-07-22', 1, 3, '2023-10-21', 2),
(840, 630785068, 534, 11009.3, 2, '2023-11-27', 2, 1, '2023-09-22', 1),
(841, 245416086, 50, 6860.27, 3, '2023-10-03', 2, 3, '2023-09-15', 2),
(842, 545544489, 646, 6649.13, 1, '2023-10-28', 3, 3, '2023-10-24', 2),
(843, 82026709, 81, 4174.36, 3, '2023-07-13', 1, 3, '2023-07-30', 1),
(844, 648174367, 467, 11528.9, 1, '2023-12-23', 3, 2, '2023-08-22', 1),
(845, 812567809, 92, 15827.4, 2, '2023-10-09', 3, 2, '2023-08-30', 2),
(846, 735877365, 58, 11410.2, 2, '2023-10-20', 2, 1, '2023-07-30', 1),
(847, 295525714, 14, 8212.12, 2, '2023-08-09', 1, 2, '2023-12-03', 1),
(848, 962319964, 896, 15929.3, 3, '2023-09-20', 3, 2, '2023-07-12', 2),
(849, 973897761, 435, 9530.4, 1, '2023-07-21', 3, 2, '2023-09-02', 2),
(850, 701781795, 488, 11662.6, 1, '2023-10-05', 2, 3, '2023-12-22', 1),
(851, 416478791, 135, 4510.25, 2, '2023-09-14', 3, 1, '2023-07-08', 1),
(852, 713617277, 209, 16702.4, 1, '2023-09-21', 1, 1, '2023-09-08', 1),
(853, 243115288, 640, 9754.47, 2, '2023-10-04', 1, 3, '2023-09-04', 2),
(854, 432093912, 572, 10876.2, 2, '2023-11-29', 1, 2, '2023-07-07', 1),
(855, 634237105, 941, 10173.7, 1, '2023-09-19', 2, 3, '2023-08-30', 2),
(856, 662473441, 990, 11674.2, 3, '2023-07-14', 3, 3, '2023-12-28', 2),
(857, 333637143, 123, 9113.15, 3, '2023-09-25', 1, 3, '2023-08-21', 2),
(858, 653057746, 645, 11115, 3, '2023-07-29', 1, 2, '2023-07-08', 2),
(859, 140176660, 856, 6365.99, 3, '2023-07-31', 1, 3, '2023-11-25', 1),
(860, 51843612, 346, 12020.8, 1, '2023-08-31', 1, 3, '2023-12-17', 2),
(861, 981816943, 161, 7383.21, 2, '2023-11-26', 3, 3, '2023-10-18', 1),
(862, 9066197, 765, 11977.3, 2, '2023-12-04', 3, 2, '2023-12-24', 2),
(863, 404464894, 342, 4493.9, 3, '2023-10-25', 2, 3, '2023-08-06', 2),
(864, 460036016, 416, 9003.57, 1, '2023-08-04', 2, 2, '2023-10-27', 2),
(865, 542402820, 52, 12281.8, 2, '2023-11-29', 1, 3, '2023-11-06', 2),
(866, 241699488, 12, 12470.1, 1, '2023-12-16', 1, 1, '2023-10-08', 2),
(867, 240637141, 905, 5085.63, 3, '2023-07-21', 1, 3, '2023-09-27', 1),
(868, 19151561, 488, 13938.4, 1, '2023-12-28', 1, 2, '2023-11-26', 1),
(869, 665578878, 723, 8165.77, 3, '2023-07-12', 2, 3, '2023-10-15', 1),
(870, 513789102, 153, 12820.8, 1, '2023-09-17', 3, 2, '2023-07-15', 2),
(871, 782867515, 596, 11148.3, 1, '2023-10-28', 3, 1, '2023-11-18', 2),
(872, 357829956, 519, 3807.26, 1, '2023-11-25', 3, 3, '2023-07-13', 2),
(873, 394769499, 805, 7425.81, 1, '2023-10-18', 2, 2, '2023-11-10', 2),
(874, 850680406, 468, 11382.1, 1, '2023-11-21', 1, 3, '2023-10-24', 2),
(875, 52832985, 923, 16238.2, 3, '2023-11-26', 2, 1, '2023-10-12', 1),
(876, 524057948, 213, 8449.64, 1, '2023-08-19', 2, 2, '2023-11-28', 2),
(877, 963430056, 296, 12567.2, 1, '2023-07-21', 1, 1, '2023-10-11', 2),
(878, 59477931, 838, 8749.45, 2, '2023-11-26', 3, 3, '2023-07-12', 2),
(879, 459720029, 301, 12641.5, 3, '2023-08-02', 3, 2, '2023-08-15', 1),
(880, 989214219, 990, 4618.42, 1, '2023-07-25', 1, 1, '2023-07-28', 1),
(881, 963825993, 49, 7906.65, 3, '2023-11-17', 2, 2, '2023-10-19', 1),
(882, 802878359, 273, 6880.13, 1, '2023-12-14', 2, 2, '2023-10-22', 1),
(883, 254409821, 217, 11906.9, 3, '2023-10-18', 2, 3, '2023-08-05', 1),
(884, 961426441, 267, 10950.2, 3, '2023-07-03', 3, 3, '2023-10-31', 2),
(885, 997655231, 681, 8125.3, 3, '2023-07-02', 3, 2, '2023-12-18', 1),
(886, 123612056, 606, 12650.2, 2, '2023-10-26', 2, 1, '2023-09-28', 1),
(887, 944117162, 986, 6563.86, 3, '2023-11-05', 2, 2, '2023-08-31', 1),
(888, 482192507, 109, 5720.28, 3, '2023-10-21', 2, 2, '2023-07-13', 1),
(889, 397123034, 589, 11615.2, 1, '2023-10-17', 1, 3, '2023-11-17', 2),
(890, 142337912, 616, 6255.76, 2, '2023-09-16', 1, 3, '2023-10-05', 2),
(891, 544429725, 315, 13911.8, 2, '2023-07-06', 2, 2, '2023-09-05', 1),
(892, 306848757, 725, 14464.7, 2, '2023-10-15', 1, 1, '2023-07-30', 1),
(893, 245895830, 679, 13439.9, 1, '2023-12-16', 2, 2, '2023-11-02', 1),
(894, 264509204, 218, 14323.8, 3, '2023-08-18', 2, 2, '2023-11-08', 1),
(895, 927870704, 53, 8043.1, 1, '2023-07-28', 1, 2, '2023-07-25', 2),
(896, 211046833, 612, 5370.04, 3, '2023-10-04', 2, 3, '2023-11-20', 1),
(897, 745688026, 899, 16026, 1, '2023-10-27', 2, 2, '2023-09-16', 1),
(898, 484620910, 661, 15861, 3, '2023-07-17', 3, 1, '2023-10-02', 2),
(899, 313869918, 605, 3984.84, 2, '2023-10-01', 2, 3, '2023-12-05', 2),
(900, 735991135, 41, 13157.6, 2, '2023-12-10', 2, 2, '2023-11-05', 2),
(901, 279251893, 390, 12952.4, 3, '2023-10-23', 2, 1, '2023-08-06', 2),
(902, 901164089, 826, 10949, 3, '2023-11-22', 1, 1, '2023-09-14', 2),
(903, 269214518, 961, 11175.1, 3, '2023-10-13', 3, 3, '2023-09-08', 1),
(904, 390540934, 324, 6511.69, 2, '2023-10-28', 3, 1, '2023-07-04', 2),
(905, 876807022, 739, 11949.6, 3, '2023-11-04', 1, 1, '2023-11-04', 2),
(906, 339586256, 723, 4671.9, 2, '2023-07-25', 2, 1, '2023-12-26', 1),
(907, 698918492, 395, 14782.7, 3, '2023-11-05', 3, 3, '2023-10-18', 2),
(908, 603015148, 805, 3662.44, 1, '2023-12-09', 2, 2, '2023-12-31', 2),
(909, 543701190, 839, 6733.46, 3, '2023-10-07', 2, 1, '2023-11-18', 1),
(910, 475463774, 781, 14502.9, 2, '2023-07-17', 3, 2, '2023-11-08', 1),
(911, 854320496, 388, 7755.68, 2, '2023-09-21', 3, 2, '2023-12-10', 1),
(912, 853573833, 595, 14060.5, 1, '2023-10-09', 3, 3, '2023-12-13', 1),
(913, 687639986, 810, 14429, 1, '2023-12-06', 3, 2, '2023-08-11', 2),
(914, 729258689, 266, 14577.2, 3, '2023-08-10', 3, 3, '2023-08-01', 2),
(915, 763897119, 898, 8921.83, 3, '2023-07-06', 2, 3, '2023-10-11', 2),
(916, 568665789, 692, 6049.05, 1, '2023-10-28', 1, 2, '2023-10-10', 2),
(917, 625676780, 766, 15592.6, 2, '2023-08-11', 3, 1, '2023-07-10', 2),
(918, 684420292, 752, 10745.2, 2, '2023-10-16', 2, 2, '2023-11-10', 2),
(919, 104574549, 464, 4773.18, 1, '2023-09-24', 3, 2, '2023-12-15', 2),
(920, 942958302, 61, 8590.45, 3, '2023-08-18', 2, 1, '2023-10-21', 2),
(921, 666304443, 913, 7228.67, 1, '2023-07-11', 3, 2, '2023-12-10', 2),
(922, 961315618, 380, 13996, 3, '2023-07-29', 1, 3, '2023-12-05', 2),
(923, 785782948, 164, 7238.27, 1, '2023-11-11', 3, 2, '2023-07-14', 2),
(924, 549704364, 677, 16617.3, 3, '2023-11-18', 3, 1, '2023-10-03', 2),
(925, 338313435, 894, 12213.7, 2, '2023-08-31', 1, 1, '2023-11-21', 1),
(926, 189744480, 437, 16516.1, 2, '2023-07-27', 1, 1, '2023-09-21', 1),
(927, 426169613, 505, 14345.3, 1, '2023-12-17', 1, 1, '2023-07-09', 2),
(928, 902177372, 213, 6100.6, 1, '2023-12-03', 3, 2, '2023-11-27', 2),
(929, 415523809, 548, 15884.8, 1, '2023-08-24', 3, 2, '2023-08-05', 2),
(930, 98959027, 102, 15018.6, 3, '2023-09-22', 2, 1, '2023-11-15', 2),
(931, 848797887, 866, 11527.8, 3, '2023-08-11', 1, 2, '2023-11-23', 2),
(932, 393926810, 22, 14730.2, 3, '2023-11-26', 2, 1, '2023-12-03', 1),
(933, 758336140, 511, 12642.7, 2, '2023-07-16', 3, 1, '2023-12-07', 2),
(934, 409131213, 488, 6894.73, 1, '2023-12-06', 2, 1, '2023-07-26', 1),
(935, 881308230, 909, 5725.46, 3, '2023-11-22', 3, 1, '2023-12-03', 1),
(936, 982313656, 80, 4490.19, 3, '2023-11-20', 1, 3, '2023-12-20', 1),
(937, 363864379, 674, 13493.9, 3, '2023-11-14', 2, 3, '2023-07-27', 2),
(938, 283445629, 128, 5462.16, 3, '2023-09-24', 2, 2, '2023-09-06', 2),
(939, 181558790, 619, 4451.92, 1, '2023-09-04', 3, 2, '2023-11-14', 1),
(940, 148075613, 707, 11941.4, 2, '2023-07-13', 2, 3, '2023-11-28', 2),
(941, 102153077, 681, 15537.4, 3, '2023-12-29', 1, 3, '2023-09-17', 2),
(942, 742853529, 284, 7063.31, 3, '2023-12-07', 1, 1, '2023-11-29', 2),
(943, 271431380, 374, 12470.3, 3, '2023-12-30', 2, 3, '2023-10-16', 1),
(944, 72750788, 20, 8355.65, 3, '2023-10-22', 2, 1, '2023-09-11', 2),
(945, 654731253, 975, 9949.35, 3, '2023-12-11', 3, 3, '2023-09-14', 2),
(946, 58690044, 816, 16686.2, 1, '2023-07-19', 3, 2, '2023-08-03', 1),
(947, 367310405, 152, 10130, 1, '2023-08-10', 3, 1, '2023-12-27', 1),
(948, 232860203, 315, 6447.57, 2, '2023-08-17', 3, 1, '2023-10-13', 2),
(949, 545956164, 118, 8803.05, 3, '2023-09-08', 3, 1, '2023-07-07', 1),
(950, 918233726, 642, 5836.89, 1, '2023-07-18', 1, 3, '2023-12-08', 1),
(951, 814080648, 857, 16612.7, 1, '2023-12-19', 3, 2, '2023-09-08', 2),
(952, 88836233, 358, 14245.7, 2, '2023-10-11', 3, 3, '2023-11-04', 2),
(953, 848289398, 218, 12592.3, 1, '2023-12-15', 2, 2, '2023-07-30', 1),
(954, 111094832, 17, 6768.32, 3, '2023-08-26', 3, 1, '2023-11-14', 2),
(955, 559712711, 430, 8965.33, 3, '2023-07-14', 3, 3, '2023-07-10', 2),
(956, 210216528, 99, 13809.6, 2, '2023-08-03', 1, 2, '2023-08-08', 2),
(957, 544843551, 203, 10548.5, 1, '2023-09-09', 3, 2, '2023-08-17', 2),
(958, 452519220, 717, 13175.4, 2, '2023-09-17', 2, 1, '2023-11-25', 1),
(959, 862141625, 976, 3772.37, 3, '2023-12-18', 3, 3, '2023-12-11', 1),
(960, 733788868, 729, 11644.1, 1, '2023-08-16', 2, 2, '2023-12-23', 1),
(961, 494310535, 718, 9010.73, 2, '2023-07-03', 2, 3, '2023-08-08', 2),
(962, 208887782, 401, 3853.77, 1, '2023-08-12', 2, 1, '2023-08-16', 1),
(963, 174756647, 849, 13853.7, 1, '2023-07-15', 3, 1, '2023-10-16', 2),
(964, 904559282, 44, 14927.3, 1, '2023-10-01', 2, 1, '2023-11-10', 1),
(965, 425593497, 672, 15113.4, 3, '2023-12-17', 2, 1, '2023-08-16', 2),
(966, 932310941, 226, 11802.6, 1, '2023-08-10', 3, 3, '2023-10-11', 1),
(967, 158086477, 116, 3978.79, 3, '2023-09-23', 2, 3, '2023-09-04', 1),
(968, 362750848, 901, 7848.2, 3, '2023-08-25', 2, 1, '2023-10-17', 2),
(969, 812888434, 158, 3838.12, 2, '2023-12-01', 2, 2, '2023-07-10', 2),
(970, 168119628, 84, 14454.8, 2, '2023-12-28', 1, 2, '2023-07-16', 2),
(971, 134605801, 948, 8143.18, 1, '2023-11-19', 3, 3, '2023-09-27', 1),
(972, 904152210, 486, 15247, 1, '2023-09-19', 2, 3, '2023-09-19', 1),
(973, 655434166, 585, 12211.9, 2, '2023-07-22', 1, 3, '2023-11-01', 2),
(974, 205964272, 467, 5150.77, 3, '2023-07-08', 2, 1, '2023-11-26', 2),
(975, 617076884, 579, 14496, 2, '2023-12-03', 2, 3, '2023-09-30', 2),
(976, 565073965, 492, 10771.8, 2, '2023-10-30', 2, 3, '2023-07-19', 2),
(977, 453795858, 725, 9288.3, 3, '2023-09-11', 2, 3, '2023-08-17', 1),
(978, 193748202, 148, 10528.9, 2, '2023-07-05', 2, 3, '2023-10-26', 1),
(979, 515206310, 565, 15723.9, 1, '2023-09-28', 3, 3, '2023-11-16', 2),
(980, 703612795, 380, 11983.9, 1, '2023-11-10', 3, 1, '2023-10-17', 1),
(981, 314272076, 206, 4340.65, 3, '2023-11-26', 1, 1, '2023-09-28', 1),
(982, 801913170, 890, 10597.5, 3, '2023-09-19', 1, 1, '2023-08-05', 2),
(983, 374023612, 831, 10063.2, 3, '2023-07-02', 3, 2, '2023-11-21', 1),
(984, 391866220, 483, 13600.2, 2, '2023-10-16', 3, 1, '2023-10-08', 1),
(985, 597641135, 922, 8325.73, 2, '2023-12-21', 2, 3, '2023-10-24', 1),
(986, 395685686, 159, 11590.9, 2, '2023-10-20', 1, 3, '2023-10-02', 1),
(987, 536321625, 32, 11486.8, 3, '2023-12-16', 1, 2, '2023-10-14', 1),
(988, 498089466, 680, 5660.86, 3, '2023-10-31', 2, 2, '2023-09-01', 2),
(989, 495064947, 303, 12564.9, 3, '2023-07-07', 1, 1, '2023-08-17', 2),
(990, 250388425, 475, 14503.5, 3, '2023-12-03', 2, 1, '2023-11-27', 1),
(991, 495362022, 465, 8959.38, 3, '2023-09-02', 2, 2, '2023-10-20', 2),
(992, 36613085, 900, 10603.4, 3, '2023-11-03', 1, 1, '2023-09-04', 1),
(993, 90115779, 106, 8700.07, 1, '2023-09-05', 1, 3, '2023-10-17', 2),
(994, 139964268, 830, 5531.12, 2, '2023-09-11', 2, 1, '2023-12-09', 1),
(995, 782326658, 829, 4573.25, 3, '2023-08-06', 1, 3, '2023-08-15', 1),
(996, 994609179, 655, 14965.3, 3, '2023-11-23', 3, 2, '2023-10-06', 2),
(997, 588312487, 789, 14738.6, 2, '2023-09-15', 3, 3, '2023-11-21', 2),
(998, 224030517, 979, 4340.29, 3, '2023-10-13', 1, 1, '2023-11-06', 1),
(999, 511766671, 526, 12502.5, 2, '2023-09-16', 1, 2, '2023-12-24', 1),
(1000, 874841954, 693, 11809.6, 2, '2023-10-26', 2, 1, '2023-09-21', 2),
(1001, 730407460, 888, 8466.49, 3, '2023-08-25', 1, 1, '2023-11-21', 2),
(1002, 235533004, 359, 6659.14, 1, '2023-10-08', 3, 3, '2023-09-25', 2),
(1003, 822412942, 131, 5784.23, 2, '2023-10-21', 3, 1, '2023-12-19', 1),
(1004, 995958031, 578, 4509.4, 2, '2023-12-08', 2, 1, '2023-09-08', 2),
(1005, 630408811, 498, 5971.05, 3, '2023-07-10', 1, 2, '2023-08-22', 1),
(1006, 932360375, 753, 3775.46, 3, '2023-10-14', 3, 1, '2023-08-21', 1),
(1007, 231505646, 271, 4099.27, 2, '2023-09-15', 1, 1, '2023-12-10', 1),
(1008, 804722564, 98, 5969.81, 2, '2023-07-07', 3, 3, '2023-07-04', 2),
(1009, 769118083, 674, 13201, 3, '2023-07-05', 1, 1, '2023-10-01', 1),
(1010, 754737917, 75, 14931.8, 2, '2023-10-18', 3, 3, '2023-07-20', 2),
(1011, 641990598, 354, 4961.41, 1, '2023-09-08', 3, 1, '2023-07-29', 1),
(1012, 114895311, 545, 10934.9, 1, '2023-10-16', 3, 2, '2023-07-02', 1),
(1013, 102791456, 661, 9178.94, 2, '2023-08-04', 2, 1, '2023-07-17', 2),
(1014, 459765722, 672, 9400.77, 2, '2023-10-12', 1, 2, '2023-09-03', 1),
(1015, 868625001, 374, 4130.26, 3, '2023-08-28', 3, 1, '2023-12-31', 2),
(1016, 829414749, 854, 4079.08, 3, '2023-08-11', 3, 1, '2023-08-27', 1),
(1017, 615421100, 146, 15190.1, 3, '2023-09-12', 2, 1, '2023-10-21', 1),
(1018, 204035166, 168, 13496, 3, '2023-08-17', 2, 3, '2023-09-07', 1),
(1019, 553058255, 404, 8442.66, 1, '2023-08-10', 2, 2, '2023-08-21', 1),
(1020, 832911561, 514, 9736.2, 1, '2023-07-07', 3, 1, '2023-11-18', 1),
(1021, 209751904, 356, 5583.44, 2, '2023-08-17', 3, 3, '2023-09-09', 2),
(1022, 973452565, 238, 9458.58, 3, '2023-10-24', 3, 2, '2023-11-16', 2),
(1023, 901401037, 121, 6831.84, 2, '2023-10-17', 2, 3, '2023-12-08', 1),
(1024, 149553676, 891, 6872.96, 2, '2023-08-21', 3, 3, '2023-12-09', 2),
(1025, 845491976, 92, 15770.6, 2, '2023-12-18', 3, 2, '2023-08-04', 1),
(1026, 167464821, 788, 9950.08, 1, '2023-11-30', 2, 1, '2023-11-06', 1),
(1027, 698900336, 664, 13774.9, 3, '2023-07-03', 2, 3, '2023-07-14', 1),
(1028, 291308626, 953, 5136.39, 1, '2023-07-22', 3, 1, '2023-12-03', 1),
(1029, 801710739, 774, 10248.7, 2, '2023-12-11', 3, 3, '2023-08-01', 2),
(1030, 538091425, 12, 8696.35, 1, '2023-09-02', 1, 2, '2023-09-28', 2),
(1031, 225337862, 737, 15177.9, 1, '2023-10-24', 1, 1, '2023-08-26', 2),
(1032, 941276832, 648, 11590.6, 3, '2023-09-04', 1, 2, '2023-07-05', 1),
(1033, 848608204, 27, 12202.5, 1, '2023-08-02', 3, 1, '2023-09-12', 1),
(1034, 103783394, 193, 12386.8, 1, '2023-10-15', 3, 2, '2023-09-26', 1),
(1035, 801451925, 884, 12086.4, 3, '2023-11-23', 2, 3, '2023-10-08', 1),
(1036, 979650156, 840, 4211.21, 2, '2023-12-01', 2, 2, '2023-08-04', 2),
(1037, 731249868, 547, 14745.6, 3, '2023-09-20', 2, 1, '2023-11-07', 1),
(1038, 687706287, 213, 10502.3, 1, '2023-09-09', 2, 2, '2023-09-15', 1),
(1039, 845948936, 424, 8190.97, 2, '2023-09-05', 2, 1, '2023-08-18', 1),
(1040, 113339321, 481, 15241.2, 1, '2023-11-03', 3, 3, '2023-09-29', 1),
(1041, 204254065, 133, 4169.9, 3, '2023-07-31', 1, 2, '2023-08-16', 1),
(1042, 662359668, 222, 9060.84, 3, '2023-09-13', 3, 3, '2023-11-14', 2),
(1043, 823664328, 708, 3754.21, 3, '2023-12-26', 2, 3, '2023-12-10', 1),
(1044, 317661691, 874, 15746.8, 1, '2023-09-28', 1, 2, '2023-08-22', 2),
(1045, 961108574, 245, 13135.5, 3, '2023-07-31', 1, 3, '2023-09-01', 2),
(1046, 621867177, 603, 7773.65, 3, '2023-08-28', 3, 3, '2023-07-03', 1),
(1047, 912415490, 278, 13262.3, 2, '2023-12-24', 3, 3, '2023-07-30', 1),
(1048, 787173150, 582, 7338.45, 3, '2023-07-03', 3, 3, '2023-09-04', 1),
(1049, 675768658, 74, 13635.5, 1, '2023-10-29', 2, 3, '2023-11-19', 1),
(1050, 180898545, 624, 10173.3, 1, '2023-09-21', 2, 1, '2023-11-07', 2),
(1051, 40427379, 898, 10752.5, 1, '2023-08-29', 3, 2, '2023-09-06', 2),
(1052, 462230450, 616, 16078.5, 3, '2023-12-21', 3, 3, '2023-08-09', 1),
(1053, 202578626, 388, 13062.3, 3, '2023-11-12', 1, 2, '2023-12-22', 2),
(1054, 679493542, 92, 14467.1, 1, '2023-08-03', 1, 3, '2023-07-02', 1),
(1055, 494951322, 293, 13984, 1, '2023-08-03', 2, 1, '2023-12-25', 2),
(1056, 522283682, 189, 10804.6, 3, '2023-12-01', 2, 2, '2023-10-12', 1),
(1057, 518254103, 66, 6106.74, 2, '2023-10-24', 2, 1, '2023-12-17', 2),
(1058, 249250394, 761, 5848.47, 3, '2023-09-05', 2, 3, '2023-12-11', 2),
(1059, 871286279, 605, 5643.4, 3, '2023-12-23', 3, 1, '2023-11-25', 2),
(1060, 218787251, 745, 15651.3, 3, '2023-09-23', 1, 1, '2023-08-29', 1),
(1061, 266705106, 907, 5039.57, 1, '2023-07-17', 3, 2, '2023-08-18', 1),
(1062, 697522985, 300, 15332.9, 2, '2023-11-14', 1, 2, '2023-10-14', 2),
(1063, 870879343, 780, 8207.48, 2, '2023-08-31', 3, 1, '2023-10-22', 2),
(1064, 793960194, 998, 5854.52, 1, '2023-07-13', 3, 3, '2023-07-14', 2),
(1065, 71077603, 651, 14734.4, 3, '2023-11-28', 1, 1, '2023-10-24', 2),
(1066, 415028386, 258, 16459.5, 3, '2023-08-01', 3, 2, '2023-12-09', 1),
(1067, 756869350, 339, 14443.7, 2, '2023-12-07', 1, 2, '2023-08-21', 1),
(1068, 189138801, 921, 4063.37, 1, '2023-10-11', 2, 3, '2023-12-22', 1),
(1069, 135625497, 587, 6219.09, 2, '2023-11-12', 1, 1, '2023-12-25', 1),
(1070, 100052401, 172, 11083.2, 3, '2023-12-12', 2, 1, '2023-09-26', 2),
(1071, 360385413, 96, 11356, 2, '2023-08-15', 3, 2, '2023-10-13', 2),
(1072, 520350939, 964, 8559.95, 3, '2023-07-26', 3, 1, '2023-11-20', 1),
(1073, 984798388, 532, 8952.46, 1, '2023-11-01', 3, 1, '2023-07-15', 1),
(1074, 54225935, 767, 9587.49, 1, '2023-11-07', 1, 3, '2023-11-21', 2),
(1075, 804299659, 238, 3944.24, 3, '2023-09-24', 2, 1, '2023-12-07', 2),
(1076, 458702112, 888, 8586.07, 3, '2023-11-27', 3, 1, '2023-12-21', 2),
(1077, 964068425, 728, 8494.75, 1, '2023-12-29', 2, 2, '2023-10-13', 2),
(1078, 915739085, 976, 7066.54, 2, '2023-08-28', 1, 1, '2023-08-28', 2),
(1079, 77020717, 695, 3949.25, 1, '2023-09-04', 2, 3, '2023-11-04', 1),
(1080, 260109137, 545, 16106.3, 2, '2023-10-01', 3, 2, '2023-11-19', 2),
(1081, 174292613, 639, 11728.2, 2, '2023-08-29', 2, 1, '2023-08-26', 2),
(1082, 923268425, 561, 8964.39, 1, '2023-07-17', 3, 3, '2023-07-23', 1),
(1083, 201084952, 889, 8698.94, 1, '2023-08-07', 2, 1, '2023-09-18', 2),
(1084, 523255027, 760, 13077.8, 3, '2023-09-21', 3, 1, '2023-09-01', 2),
(1085, 225142014, 134, 4200.89, 3, '2023-11-30', 3, 3, '2023-07-06', 2),
(1086, 735771921, 387, 4440.01, 1, '2023-07-07', 1, 3, '2023-11-11', 2),
(1087, 673127777, 535, 4210.49, 1, '2023-10-13', 2, 1, '2023-09-11', 2),
(1088, 812200271, 513, 9689.24, 2, '2023-11-04', 2, 2, '2023-08-17', 1),
(1089, 716320783, 959, 4666.09, 2, '2023-10-08', 3, 3, '2023-08-11', 2),
(1090, 743097110, 254, 15878.2, 1, '2023-11-20', 3, 2, '2023-09-22', 2),
(1091, 801381064, 393, 12158.2, 1, '2023-07-29', 1, 3, '2023-08-19', 1),
(1092, 815528880, 204, 11035.7, 3, '2023-08-09', 3, 2, '2023-10-20', 1),
(1093, 433761054, 842, 5499.87, 1, '2023-10-06', 2, 3, '2023-11-09', 1),
(1094, 951868092, 594, 3555.05, 2, '2023-12-11', 1, 1, '2023-12-08', 2),
(1095, 242960096, 445, 3691.69, 2, '2023-09-22', 1, 3, '2023-09-08', 2),
(1096, 864490334, 442, 9024.03, 3, '2023-08-15', 2, 1, '2023-07-20', 1),
(1097, 537462350, 875, 14511.3, 1, '2023-11-22', 2, 3, '2023-10-12', 1),
(1098, 335313865, 48, 9816.15, 2, '2023-07-20', 2, 1, '2023-09-20', 2),
(1099, 272068539, 613, 6457.81, 3, '2023-07-31', 2, 2, '2023-08-04', 2),
(1100, 19985257, 923, 12068.7, 1, '2023-12-04', 2, 2, '2023-08-24', 2),
(1101, 694017387, 775, 13946.9, 3, '2023-12-20', 3, 1, '2023-07-14', 1),
(1102, 153608226, 105, 6891.59, 3, '2023-08-27', 1, 3, '2023-09-26', 1),
(1103, 645903758, 202, 5562.92, 2, '2023-07-23', 2, 1, '2023-08-20', 2),
(1104, 566066128, 691, 4239.49, 1, '2023-12-05', 1, 2, '2023-08-25', 1),
(1105, 107350477, 850, 11107.5, 1, '2023-07-17', 2, 2, '2023-11-14', 1),
(1106, 421188382, 175, 9082.95, 2, '2023-08-27', 2, 1, '2023-09-03', 2),
(1107, 472499350, 326, 3548.79, 3, '2023-08-31', 1, 3, '2023-08-18', 1),
(1108, 685772872, 103, 5056.49, 3, '2023-10-20', 3, 1, '2023-11-04', 2),
(1109, 831058576, 539, 14333.2, 2, '2023-07-17', 3, 3, '2023-10-26', 2),
(1110, 910668379, 384, 11766.3, 2, '2023-10-07', 1, 2, '2023-08-26', 1),
(1111, 822584166, 303, 11570.8, 1, '2023-08-25', 3, 1, '2023-12-03', 1),
(1112, 301187763, 362, 3981.56, 2, '2023-11-30', 3, 1, '2023-11-25', 2),
(1113, 940619934, 903, 4943.44, 1, '2023-12-19', 3, 1, '2023-12-11', 2),
(1114, 864049271, 425, 4733.6, 1, '2023-07-28', 2, 3, '2023-09-14', 1),
(1115, 934422446, 417, 5210.9, 1, '2023-07-05', 3, 3, '2023-08-09', 1),
(1116, 665505701, 807, 11850.3, 1, '2023-08-22', 2, 3, '2023-11-03', 2),
(1117, 879666751, 787, 6299.37, 3, '2023-09-03', 3, 2, '2023-10-27', 1),
(1118, 582026730, 510, 13976.6, 3, '2023-09-09', 2, 2, '2023-10-20', 2),
(1119, 716322972, 191, 4133.19, 2, '2023-12-13', 1, 1, '2023-11-11', 1),
(1120, 649486324, 422, 13331.3, 3, '2023-10-04', 3, 3, '2023-07-22', 2),
(1121, 305281922, 538, 8518.5, 3, '2023-08-16', 1, 1, '2023-08-14', 1),
(1122, 84050617, 422, 16502.5, 3, '2023-11-18', 2, 1, '2023-07-21', 1),
(1123, 268432409, 496, 9839.52, 3, '2023-10-25', 1, 2, '2023-10-15', 2),
(1124, 26489294, 216, 10011.1, 2, '2023-07-20', 2, 1, '2023-08-07', 1),
(1125, 470995390, 589, 3659.34, 1, '2023-12-09', 1, 3, '2023-07-09', 2),
(1126, 829984307, 297, 15729.3, 3, '2023-07-01', 2, 1, '2023-09-29', 1),
(1127, 635437685, 719, 9573.58, 2, '2023-10-25', 3, 1, '2023-11-05', 2),
(1128, 64650916, 701, 9321.28, 2, '2023-07-11', 3, 1, '2023-11-28', 2),
(1129, 292593094, 350, 5240.92, 2, '2023-09-13', 1, 1, '2023-07-19', 1),
(1130, 334725039, 644, 3561.45, 2, '2023-07-26', 3, 2, '2023-08-25', 2),
(1131, 308416407, 172, 15693.8, 3, '2023-12-17', 2, 1, '2023-07-29', 1),
(1132, 499948054, 927, 4437.88, 3, '2023-11-13', 3, 3, '2023-08-05', 2),
(1133, 242761147, 118, 15146.3, 2, '2023-10-14', 3, 3, '2023-08-22', 1),
(1134, 9500909, 811, 4027.67, 2, '2023-11-17', 2, 3, '2023-12-04', 2),
(1135, 412908621, 697, 4197.82, 3, '2023-09-17', 3, 2, '2023-11-08', 1),
(1136, 128103818, 53, 4404.99, 1, '2023-10-12', 2, 2, '2023-09-06', 1),
(1137, 265542363, 174, 10671.7, 3, '2023-12-20', 3, 2, '2023-09-14', 2),
(1138, 418696616, 709, 12191.5, 1, '2023-10-28', 1, 2, '2023-11-26', 1),
(1139, 524011199, 23, 3843.97, 1, '2023-10-24', 2, 1, '2023-09-24', 1),
(1140, 227979029, 987, 9333.44, 2, '2023-10-21', 1, 2, '2023-08-27', 1),
(1141, 578243838, 867, 9407.36, 2, '2023-08-14', 1, 3, '2023-08-04', 1),
(1142, 847577233, 374, 5274.81, 2, '2023-08-15', 3, 3, '2023-07-08', 1),
(1143, 651917385, 269, 16137.4, 2, '2023-09-11', 2, 3, '2023-10-30', 2),
(1144, 120137903, 223, 14372.5, 1, '2023-11-17', 3, 3, '2023-08-08', 1),
(1145, 912871981, 308, 13212.3, 3, '2023-10-30', 2, 1, '2023-08-08', 1),
(1146, 530611637, 871, 13820.7, 2, '2023-11-01', 1, 1, '2023-08-05', 1),
(1147, 814887983, 431, 7711.37, 2, '2023-11-29', 3, 2, '2023-08-18', 1),
(1148, 696775810, 542, 3639.16, 3, '2023-08-11', 3, 2, '2023-09-25', 2),
(1149, 544146322, 417, 13776.2, 1, '2023-09-22', 1, 2, '2023-08-28', 2),
(1150, 253358192, 459, 12910.5, 3, '2023-10-03', 2, 1, '2023-08-29', 1),
(1151, 570658127, 41, 11443.5, 2, '2023-11-12', 2, 1, '2023-08-28', 2),
(1152, 326491127, 827, 8643.37, 1, '2023-07-11', 3, 3, '2023-07-07', 1),
(1153, 606496546, 14, 13431.1, 3, '2023-12-07', 2, 3, '2023-09-17', 1),
(1154, 25544947, 586, 13953.7, 2, '2023-09-08', 1, 2, '2023-07-21', 2),
(1155, 667096053, 887, 6523.79, 2, '2023-10-03', 3, 2, '2023-07-20', 2),
(1156, 943621679, 679, 15675.3, 3, '2023-09-02', 1, 2, '2023-07-18', 2),
(1157, 753840472, 731, 7763.33, 3, '2023-12-24', 1, 3, '2023-12-14', 2),
(1158, 259240908, 620, 16617.8, 3, '2023-08-27', 3, 3, '2023-07-25', 1),
(1159, 760491341, 907, 5040.16, 2, '2023-10-09', 2, 1, '2023-10-24', 1),
(1160, 81537782, 672, 4895.69, 3, '2023-11-11', 2, 3, '2023-11-09', 1),
(1161, 12589428, 638, 7559.84, 3, '2023-11-20', 1, 3, '2023-08-29', 1),
(1162, 213776358, 176, 13940.2, 1, '2023-08-03', 3, 3, '2023-11-01', 2),
(1163, 17076856, 964, 13520.5, 1, '2023-07-11', 3, 3, '2023-09-16', 1),
(1164, 30414668, 292, 14809.4, 2, '2023-12-04', 1, 2, '2023-08-26', 2),
(1165, 528554867, 568, 12243.7, 3, '2023-10-13', 1, 2, '2023-07-16', 1),
(1166, 512863948, 962, 7901.45, 3, '2023-12-22', 2, 1, '2023-07-30', 2),
(1167, 579815628, 107, 7446.9, 1, '2023-10-22', 1, 1, '2023-12-10', 1),
(1168, 393238787, 647, 13413, 3, '2023-08-21', 2, 3, '2023-08-31', 2),
(1169, 234624327, 913, 16094.1, 3, '2023-08-22', 3, 2, '2023-08-19', 2),
(1170, 77823466, 626, 10534.2, 2, '2023-12-25', 3, 1, '2023-10-18', 1),
(1171, 257318353, 391, 7321.01, 2, '2023-09-23', 1, 3, '2023-07-24', 1),
(1172, 588920825, 73, 13823.1, 2, '2023-07-18', 1, 1, '2023-11-15', 2),
(1173, 183870420, 195, 12766.6, 1, '2023-12-07', 3, 2, '2023-10-15', 2),
(1174, 931447105, 755, 12650.2, 2, '2023-11-02', 3, 1, '2023-12-24', 1),
(1175, 155206470, 190, 4136.6, 2, '2023-12-18', 1, 2, '2023-10-16', 1),
(1176, 391425163, 685, 15637.4, 1, '2023-12-08', 1, 3, '2023-11-12', 2),
(1177, 397491833, 854, 14973.1, 2, '2023-11-17', 2, 3, '2023-09-30', 2),
(1178, 141733432, 215, 13689.8, 3, '2023-09-25', 3, 2, '2023-12-05', 2),
(1179, 869420234, 511, 9574.93, 2, '2023-09-09', 3, 3, '2023-11-26', 2),
(1180, 477608052, 910, 3875.92, 2, '2023-09-09', 2, 3, '2023-10-23', 1),
(1181, 105012385, 16, 11417.3, 1, '2023-12-20', 2, 1, '2023-10-15', 2),
(1182, 87184341, 349, 6559.37, 3, '2023-10-22', 2, 3, '2023-11-12', 2),
(1183, 973929031, 699, 5044.01, 3, '2023-08-24', 2, 3, '2023-11-07', 1),
(1184, 351731319, 447, 12406.2, 3, '2023-10-18', 1, 1, '2023-09-18', 2),
(1185, 579357037, 139, 9131.31, 3, '2023-10-03', 3, 3, '2023-12-27', 1),
(1186, 31896685, 351, 3663.19, 2, '2023-11-07', 3, 1, '2023-09-19', 2),
(1187, 541188213, 340, 16037.1, 1, '2023-09-22', 2, 1, '2023-10-16', 2),
(1188, 947102765, 647, 14992.4, 3, '2023-11-16', 3, 3, '2023-08-06', 1),
(1189, 798302237, 211, 5879.61, 1, '2023-11-12', 2, 1, '2023-11-01', 2),
(1190, 135697987, 116, 8381.4, 1, '2023-11-02', 1, 2, '2023-08-21', 1),
(1191, 963839671, 948, 8206.35, 3, '2023-11-06', 2, 1, '2023-11-07', 2),
(1192, 63595212, 389, 15667, 1, '2023-07-04', 3, 3, '2023-09-05', 2),
(1193, 555772356, 102, 8764.03, 2, '2023-11-15', 2, 3, '2023-10-08', 2),
(1194, 779586407, 341, 6786.21, 1, '2023-07-16', 3, 1, '2023-12-24', 1),
(1195, 643723514, 400, 8509.3, 2, '2023-12-14', 1, 3, '2023-08-16', 2),
(1196, 958421234, 974, 13847.7, 2, '2023-11-07', 1, 2, '2023-07-06', 2),
(1197, 460980886, 672, 4521.79, 2, '2023-11-03', 2, 3, '2023-09-04', 2),
(1198, 875840815, 435, 8350.48, 1, '2023-10-14', 3, 3, '2023-07-29', 1),
(1199, 36212051, 160, 12968, 1, '2023-11-13', 2, 3, '2023-07-15', 1),
(1200, 48508001, 496, 11759.6, 2, '2023-09-07', 2, 1, '2023-08-06', 1),
(1201, 919051130, 999, 16484.7, 2, '2023-09-20', 2, 2, '2023-11-14', 1),
(1202, 164518124, 506, 5606.05, 1, '2023-12-12', 2, 1, '2023-08-31', 1),
(1203, 114667806, 533, 12806.7, 2, '2023-10-23', 3, 2, '2023-08-27', 1),
(1204, 100822471, 147, 11138, 2, '2023-12-06', 2, 1, '2023-11-30', 1),
(1205, 596693899, 137, 8804.77, 2, '2023-12-17', 2, 2, '2023-11-20', 2),
(1206, 309627201, 241, 7978.84, 3, '2023-08-15', 2, 3, '2023-09-03', 2),
(1207, 935731693, 796, 12910.3, 2, '2023-11-25', 2, 2, '2023-09-09', 2),
(1208, 133545282, 255, 4037.59, 1, '2023-10-24', 1, 3, '2023-12-04', 1),
(1209, 752325798, 887, 8247.37, 2, '2023-09-17', 3, 1, '2023-12-04', 2),
(1210, 570458569, 670, 5707.17, 1, '2023-09-25', 1, 3, '2023-07-29', 2),
(1211, 371710537, 690, 15408.2, 3, '2023-08-06', 3, 2, '2023-09-07', 2),
(1212, 881732947, 438, 12139.7, 1, '2023-07-27', 1, 1, '2023-10-02', 2),
(1213, 249661521, 119, 3601.18, 1, '2023-08-13', 3, 2, '2023-08-31', 2),
(1214, 776148264, 280, 8469.62, 2, '2023-12-23', 3, 1, '2023-11-07', 2),
(1215, 949749738, 41, 8779.53, 3, '2023-12-20', 1, 3, '2023-12-09', 1),
(1216, 812209655, 366, 4221.02, 1, '2023-12-25', 1, 1, '2023-08-17', 2),
(1217, 529931177, 706, 16135.4, 2, '2023-08-09', 1, 1, '2023-10-16', 2),
(1218, 447279515, 433, 14542, 2, '2023-10-27', 1, 2, '2023-12-30', 2),
(1219, 402702863, 48, 11796.1, 3, '2023-10-03', 1, 1, '2023-11-12', 2),
(1220, 36859779, 937, 5999.55, 3, '2023-07-15', 3, 2, '2023-09-03', 2),
(1221, 642223831, 542, 10557.3, 3, '2023-10-04', 1, 2, '2023-08-14', 2),
(1222, 713561707, 900, 14181.1, 3, '2023-08-11', 1, 3, '2023-12-09', 1),
(1223, 162496968, 873, 13119.3, 3, '2023-09-01', 3, 3, '2023-10-15', 2),
(1224, 47985742, 663, 13362.2, 2, '2023-10-15', 1, 1, '2023-10-10', 1),
(1225, 947086405, 698, 14675.7, 3, '2023-12-23', 2, 1, '2023-07-04', 2),
(1226, 455172273, 499, 14302.4, 2, '2023-10-05', 3, 1, '2023-09-09', 2),
(1227, 312508975, 403, 13440.1, 2, '2023-12-19', 3, 1, '2023-11-18', 1),
(1228, 681914096, 514, 4114.75, 3, '2023-07-29', 3, 2, '2023-08-03', 2),
(1229, 870478106, 361, 6108.16, 2, '2023-12-17', 3, 2, '2023-12-21', 1),
(1230, 649946595, 264, 13327.2, 3, '2023-10-02', 1, 2, '2023-08-16', 2),
(1231, 770029321, 236, 5640.22, 2, '2023-10-13', 2, 2, '2023-08-19', 2),
(1232, 780234433, 386, 9601.51, 1, '2023-10-26', 1, 3, '2023-10-24', 1),
(1233, 608549526, 221, 9160.57, 1, '2023-09-30', 1, 1, '2023-11-29', 2),
(1234, 894920442, 946, 7923.99, 2, '2023-08-26', 3, 2, '2023-11-06', 2),
(1235, 173164277, 65, 8218.91, 2, '2023-11-27', 1, 1, '2023-10-23', 1),
(1236, 213591606, 490, 7996.05, 1, '2023-10-31', 1, 3, '2023-10-09', 1),
(1237, 711925689, 254, 13786.9, 1, '2023-09-29', 2, 3, '2023-10-16', 1),
(1238, 188790863, 800, 3991.79, 2, '2023-07-04', 2, 2, '2023-10-05', 1),
(1239, 615426320, 236, 10411.7, 3, '2023-08-26', 1, 2, '2023-11-03', 2),
(1240, 111513188, 782, 12461.7, 3, '2023-12-03', 1, 3, '2023-08-28', 1),
(1241, 293989468, 199, 7621.28, 3, '2023-11-01', 3, 2, '2023-12-22', 2),
(1242, 88820524, 650, 11376.9, 1, '2023-11-07', 1, 2, '2023-10-31', 2),
(1243, 73477334, 651, 10904.1, 1, '2023-07-06', 1, 3, '2023-10-03', 1),
(1244, 846100123, 305, 10396.6, 1, '2023-12-15', 2, 3, '2023-07-03', 1),
(1245, 902625184, 570, 9195.89, 1, '2023-07-10', 2, 1, '2023-11-22', 1),
(1246, 368271735, 937, 15369.8, 3, '2023-09-15', 2, 3, '2023-11-06', 2),
(1247, 232446214, 975, 7427.34, 1, '2023-07-05', 1, 2, '2023-09-18', 2),
(1248, 849142935, 63, 6835.44, 3, '2023-10-23', 2, 1, '2023-11-02', 1),
(1249, 122341890, 388, 8175.58, 1, '2023-08-30', 1, 3, '2023-07-17', 2),
(1250, 37916769, 751, 9594.11, 2, '2023-09-22', 1, 1, '2023-11-26', 1),
(1251, 532423199, 590, 3814.17, 2, '2023-11-13', 1, 2, '2023-07-17', 2),
(1252, 356902975, 699, 4115.87, 1, '2023-08-31', 1, 1, '2023-12-26', 1),
(1253, 995196238, 723, 12513.9, 1, '2023-09-28', 3, 3, '2023-11-19', 1),
(1254, 270379386, 516, 13608.9, 2, '2023-07-09', 2, 1, '2023-10-27', 1),
(1255, 343182274, 414, 10771, 3, '2023-12-25', 1, 1, '2023-11-06', 1),
(1256, 587087967, 518, 3740.29, 2, '2023-10-04', 2, 1, '2023-11-01', 2),
(1257, 23516839, 348, 12953.8, 1, '2023-08-09', 1, 3, '2023-11-22', 1),
(1258, 224094878, 187, 15132.3, 1, '2023-07-28', 1, 2, '2023-08-23', 1),
(1259, 898591860, 889, 7139.39, 1, '2023-11-04', 1, 3, '2023-12-28', 1),
(1260, 59598134, 886, 15004.6, 1, '2023-11-16', 2, 1, '2023-12-10', 2),
(1261, 728963121, 761, 12172.6, 2, '2023-08-13', 3, 1, '2023-10-04', 1),
(1262, 475458796, 146, 12500.3, 2, '2023-10-10', 3, 1, '2023-11-06', 1),
(1263, 816950677, 449, 6337.42, 1, '2023-12-11', 1, 3, '2023-11-12', 1),
(1264, 629098134, 805, 16200.4, 3, '2023-08-24', 1, 3, '2023-10-04', 1),
(1265, 972217796, 679, 9306.22, 1, '2023-12-14', 3, 2, '2023-11-27', 2),
(1266, 235858430, 977, 13998.4, 2, '2023-12-06', 1, 2, '2023-07-05', 2),
(1267, 71449983, 850, 14403.1, 1, '2023-09-20', 2, 3, '2023-12-30', 1),
(1268, 414397255, 317, 4689.25, 2, '2023-09-17', 2, 1, '2023-07-24', 2),
(1269, 213793098, 36, 8049.79, 1, '2023-08-19', 3, 1, '2023-10-05', 1),
(1270, 208000179, 229, 8370.7, 2, '2023-09-22', 3, 1, '2023-08-23', 1),
(1271, 38835462, 37, 9891.68, 3, '2023-12-25', 2, 1, '2023-07-28', 1),
(1272, 593590318, 496, 10950.9, 3, '2023-07-14', 1, 3, '2023-08-01', 2),
(1273, 762813226, 369, 4906.66, 1, '2023-08-10', 2, 2, '2023-11-18', 1),
(1274, 870759453, 355, 5291.39, 1, '2023-12-22', 1, 3, '2023-11-26', 1);

-- --------------------------------------------------------

--
-- Table structure for table `transaction_status`
--

CREATE TABLE `transaction_status` (
  `id` int(11) NOT NULL,
  `status_code` varchar(50) NOT NULL,
  `status` varchar(50) NOT NULL
) ENGINE=InnoDB DEFAULT CHARSET=utf8mb4 COLLATE=utf8mb4_general_ci;

--
-- Dumping data for table `transaction_status`
--

INSERT INTO `transaction_status` (`id`, `status_code`, `status`) VALUES
(1, 'pd', 'Paid'),
(2, 'cancl', 'Cancelled'),
(3, 'pding', 'Pending');

-- --------------------------------------------------------

--
-- Table structure for table `transaction_type`
--

CREATE TABLE `transaction_type` (
  `id` int(11) NOT NULL,
  `type_code` varchar(50) NOT NULL,
  `type` varchar(50) NOT NULL
) ENGINE=InnoDB DEFAULT CHARSET=utf8mb4 COLLATE=utf8mb4_general_ci;

--
-- Dumping data for table `transaction_type`
--

INSERT INTO `transaction_type` (`id`, `type_code`, `type`) VALUES
(1, 'TS', 'Technical Services'),
(2, 'NLIMS', 'National Laboratory Information Management System'),
(3, 'ULIMS', 'Unified Laboratory Information Management System');

--
-- Indexes for dumped tables
--

--
-- Indexes for table `customer`
--
ALTER TABLE `customer`
  ADD PRIMARY KEY (`id`);

--
-- Indexes for table `customer_type`
--
ALTER TABLE `customer_type`
  ADD PRIMARY KEY (`id`);

--
-- Indexes for table `division`
--
ALTER TABLE `division`
  ADD PRIMARY KEY (`id`);

--
-- Indexes for table `nmdtarget_income`
--
ALTER TABLE `nmdtarget_income`
  ADD PRIMARY KEY (`id`);

--
-- Indexes for table `nmdtarget_transaction`
--
ALTER TABLE `nmdtarget_transaction`
  ADD PRIMARY KEY (`id`);

--
-- Indexes for table `payment_method`
--
ALTER TABLE `payment_method`
  ADD PRIMARY KEY (`id`);

--
-- Indexes for table `stdtarget_income`
--
ALTER TABLE `stdtarget_income`
  ADD PRIMARY KEY (`id`);

--
-- Indexes for table `stdtarget_transaction`
--
ALTER TABLE `stdtarget_transaction`
  ADD PRIMARY KEY (`id`);

--
-- Indexes for table `transaction`
--
ALTER TABLE `transaction`
  ADD PRIMARY KEY (`id`);

--
-- Indexes for table `transaction_status`
--
ALTER TABLE `transaction_status`
  ADD PRIMARY KEY (`id`);

--
-- Indexes for table `transaction_type`
--
ALTER TABLE `transaction_type`
  ADD PRIMARY KEY (`id`);

--
-- AUTO_INCREMENT for dumped tables
--

--
-- AUTO_INCREMENT for table `customer`
--
ALTER TABLE `customer`
  MODIFY `id` int(11) NOT NULL AUTO_INCREMENT, AUTO_INCREMENT=2001;

--
-- AUTO_INCREMENT for table `customer_type`
--
ALTER TABLE `customer_type`
  MODIFY `id` int(11) NOT NULL AUTO_INCREMENT, AUTO_INCREMENT=12;

--
-- AUTO_INCREMENT for table `division`
--
ALTER TABLE `division`
  MODIFY `id` int(11) NOT NULL AUTO_INCREMENT, AUTO_INCREMENT=3;

--
-- AUTO_INCREMENT for table `nmdtarget_income`
--
ALTER TABLE `nmdtarget_income`
  MODIFY `id` int(11) NOT NULL AUTO_INCREMENT, AUTO_INCREMENT=4;

--
-- AUTO_INCREMENT for table `nmdtarget_transaction`
--
ALTER TABLE `nmdtarget_transaction`
  MODIFY `id` int(11) NOT NULL AUTO_INCREMENT, AUTO_INCREMENT=4;

--
-- AUTO_INCREMENT for table `payment_method`
--
ALTER TABLE `payment_method`
  MODIFY `id` int(11) NOT NULL AUTO_INCREMENT, AUTO_INCREMENT=4;

--
-- AUTO_INCREMENT for table `stdtarget_income`
--
ALTER TABLE `stdtarget_income`
  MODIFY `id` int(11) NOT NULL AUTO_INCREMENT, AUTO_INCREMENT=3;

--
-- AUTO_INCREMENT for table `stdtarget_transaction`
--
ALTER TABLE `stdtarget_transaction`
  MODIFY `id` int(11) NOT NULL AUTO_INCREMENT, AUTO_INCREMENT=3;

--
-- AUTO_INCREMENT for table `transaction`
--
ALTER TABLE `transaction`
  MODIFY `id` int(11) NOT NULL AUTO_INCREMENT, AUTO_INCREMENT=1276;

--
-- AUTO_INCREMENT for table `transaction_status`
--
ALTER TABLE `transaction_status`
  MODIFY `id` int(11) NOT NULL AUTO_INCREMENT, AUTO_INCREMENT=4;

--
-- AUTO_INCREMENT for table `transaction_type`
--
ALTER TABLE `transaction_type`
  MODIFY `id` int(11) NOT NULL AUTO_INCREMENT, AUTO_INCREMENT=4;
COMMIT;

/*!40101 SET CHARACTER_SET_CLIENT=@OLD_CHARACTER_SET_CLIENT */;
/*!40101 SET CHARACTER_SET_RESULTS=@OLD_CHARACTER_SET_RESULTS */;
/*!40101 SET COLLATION_CONNECTION=@OLD_COLLATION_CONNECTION */;
